file,syndicate,report_year,source_file,source_sha256,source_page,source_evidence,inception_year,underwriting_years,triangle_basis,mature_underwriting_years,nil_vs_missing,mature_cohort_calculation,opening_gross_reserve_gbp_m,opening_reserve_status,economic_eligibility,decision,extraction_status,review_note,audited_source_fields
syndicate_1100_2024.json,1100,2024,syndicate_reports/pdfs/syndicate_1100_2024.html,c021d81e3258de675fa5cfc975c1a2196446f09c077f95006d6d9e669ab0572c,13,"e to underwriting risk and accumulation events both on a gross and net of reinsurance basis and adherence to these limits is reported monthly to the ASML Underwriting Committee. The ASML Reserving Committee oversees the overall management of reserving risk. Reserving risk is managed through the use of proprietary and standardised modelling techniques, internal and external benchmarking, review of claims development and the ongoing oversight from an independent external reserving process. An independent Statement of Actuarial Opinion is commissioned each year in line with Lloyd’s Valuation of Liabilities requirements. The reserving process is overseen by and reports through the ASML Audit Committee. Regulatory risk is the financial loss or inability to conduct normal business activities owing to a breach of regulatory requirements or failure to respond to regulatory change. ASML is a regulated entity and therefore is required to comply with the requirements of the PRA, FCA and Lloyd’s. Lloyd’s requirements include those imposed on the Lloyd’s market by overseas regulators. ASML ensures that there is an appropriate level of skilled resources in place to meet its regulatory obligations, including compliance, risk management and internal audit functions. Operational risk is the risk of a loss resulting from inadequate or failed internal processes, people and systems or from external events. The syndicate is constantly exposed to operational risk as this covers the uncertainties and hazards of undertaking day-to-day business. Controls have been put in place and documented to try to ensure that these risks are managed on a proportionate basis and within risk appetite. As operational risks apply across the entire business, all committees have some level of oversight for operational risk. However, the ASML Change Committee manage risks relating to changes in systems and processes, and the ASML Board Risk Committee have oversight of any risk events which require escalation. Apollo Syndicate 1100 | Annual Report and Accounts 2024 APO LLO",2024,2024,gross; net companion table also reviewed where present,,not_applicable_no_mature_cohort,no underwriting year u <= 2022; reviewed years are [2024],,not numerically transcribed; does not alter the no-mature-cohort decision,ineligible,structural_ineligible_no_mature_cohort,pre_model_stub_confirmed_structural_by_source_page_audit,,
syndicate_1322_2023.json,1322,2023,syndicate_reports/pdfs/syndicate_1322_2023.pdf,3b1a76707ad0f4a92d098a5ccfe5e1124d98715cb75a77ab4300dc8b845d44a2,24,"r IBNR, net of estimated irrecoverable amounts, having regard to the reinsurance programme in place for the class of business and the claims experience for the year. The Syndicate uses a number of statistical techniques to assist in making these estimates. Accordingly, the two most critical assumptions as regards claims provisions are that the past is a reasonable predictor of the likely level of claims development and that the rating and other models used for current business are fair reflections of the likely level of ultimate claims to be incurred. The directors consider that the provisions for gross claims and related reinsurance recoveries are fairly stated on the basis of the information currently available to them. However, ultimate liability will vary as a result of subsequent information and events and this may result in significant adjustments to the amounts provided. Provisions for unearned premiums Unearned premiums are those proportions of premiums written in a year that relate to periods of risk after the reporting date. In respect of general insurance business, written premiums are recognised as earned over the period of the policy on a time apportionment basis having regard where appropriate, to the incidence of risk. The proportion attributable to subsequent periods is deferred as a provision for unearned premiums. Unearned reinsurance premiums are those proportions of premiums written in a year that relate to periods of risk after the reporting date. Unearned reinsurance premiums are deferred over the term of the underlying direct insurance policies for risks-attaching contracts and over the term of the reinsurance contract for losses-occurring contracts. Unexpired risks A provision for unexpired risks is made where claims and related expenses are likely to arise after the end of the financial period in respect of contracts concluded before that date, are expected to exceed the unearned premiums and premiums receivable under these contracts, after the deduction of any acquisition costs deferred. The provision for unexpired risks is calculated separately by reference to classes of business which are managed together, after taking into account relevant investment return. At the 31 December 2023 the Syndicate had $nil of net unexpired risk provision. Deferred acquisition costs Acquisition costs comprise costs arising from the conclusion of insurance contracts. They include both direct costs, such as intermediary commissions or the cost of drawing up the insurance document or including the insurance contract in the portfolio, and indirect costs, such as the administrative expenses connected with the processing of proposals and the issuing of policies.",2023,2023,gross; net companion table also reviewed where present,,not_applicable_no_mature_cohort,no underwriting year u <= 2021; reviewed years are [2023],,not numerically transcribed; does not alter the no-mature-cohort decision,ineligible,structural_ineligible_no_mature_cohort,pre_model_stub_confirmed_structural_by_source_page_audit,,
syndicate_1322_2024.json,1322,2024,syndicate_reports/pdfs/syndicate_1322_2024.html,56e97fe3d1567156638cef24273cb996ca0f370368be5e32d710eb0ec9471584,,". &#160; &#160; &#160; 3 Managing Agent’s r eport contin ued The &#160; performance &#160; of &#160; the &#160; Syndicate &#160; has &#160; been &#160; assessed &#160; &#160; by &#160; measuring, &#160; as &#160; a &#160; perce nt age &#160; of underwriting capacity, the &#160; 36-month &#160; fo recasted &#160; r esult &#160; on &#160; a f unded accoun ting &#160; basis &#160; for an individua l underwriting year of account (“ Y O A”). The ret urn on capacity for each underwriting year is shown below. 2024 YOA Open 2023 YOA Open 2022 YOA Closed Capacity ($’000) 125,000 42,799 - Forecast result ($’000) 11,850 2,317 - Forecast return on cap acity (%) 9.5% 5.4% - Principal risks and uncertainties The Syndicate &#160; sets risk appetite annually, which is approved &#160; &#160; by the Agency as part of the Syndicate’s &#160; business &#160; planning &#160; and &#160; Solvency &#160; Capital &#160; Requirement &#160; (“SCR”) &#160; process. &#160; &#160; &#160; The Agency &#160; Risk &#160; and &#160; Solvency &#160; Committee &#160; m eets &#160; at &#160; least &#160; quarterly &#160; to &#160; oversee &#160; t he &#160; risk management &#160; framework. &#160; The &#160; Syndicate &#160; Board, &#160; a &#160; sub-committee &#160; of &#160; the &#160; Agency &#160; Board, reviews the risk profile as reflected in the risk register, and monitors performance against risk appetite us ing a series of key risk indicators. The principal risk and uncertainties facing t he Syndicate are as follows: Insurance risk Insurance r isk includes the risks that a policy will be written for too low a premium or provide inappropriate cover (und erwriting risk), that the fre quency or &#160; severity of in sured events will be higher &#160; than &#160; expected &#160; (claims &#160; risk), &#160; or &#160; that &#160; estimates &#160; of &#160; claims &#160; s ubsequently &#160; &#160; prove &#160; to &#160; be insufficient &#160; (reserving &#160; risk). &#160; The &#160; Syndicate &#160; Board &#160; and &#160; Underwriting &#160; Comm ittee &#160; m anages &#160; insurance risk th r ough chal lenge and oversight of t he approved business plan, which sets out targets &#160; for &#160; volume s , &#160; pricing, &#160; line &#160; sizes &#160; and &#160; retention &#160; by &#160; class of &#160; business. &#160; &#160; &#160; The &#160; Syndicate Board &#160; then &#160; monitors &#160; performance &#160; against &#160; the &#160; business &#160; plan &#160; &#160; and &#160; the &#160; aggregation &#160; of &#160; risk through exposure m anagement &#160; reporting through the year. The Syndicate Board considers any &#160; proposed &#160; underwr it ing &#160; that &#160; impact s &#160; the &#160; Syndicate’s &#160; Environm ental, &#160; &#160; Social &#160; and Governance (“ESG”) profile t o ensure &#160; consistency with the agreed ESG approach. Reserve adequacy is m onitored through quarterly review by the Asta Actuarial tea m and t he Reserving Committee. Credit risk The key asp ect of credit risk is rein sur ance counterparty risk whi ch is the ris k of d efault by one or more of the Syndicate’s r einsurers and intermediaries. The Syndica te’s policy is to only use approved reinsurers, sup port ed by collate r alisation where requi r ed. The A gency Reinsurance Security Committee set s &#160; appr oval and usage criteria, monit ors reinsurer ratings a",2023,2023;2024,gross; net companion table also reviewed where present,,not_applicable_no_mature_cohort,"no underwriting year u <= 2022; reviewed years are [2023, 2024]",,not numerically transcribed; does not alter the no-mature-cohort decision,ineligible,structural_ineligible_no_mature_cohort,pre_model_stub_confirmed_structural_by_source_page_audit,,
syndicate_1416_2022.json,1416,2022,syndicate_reports/pdfs/syndicate_1416_2022.pdf,df2d3203b09ae0d9318b7f93beb41ed1dc32873e7f7418be0f89f464ef5f7b08,39,"Asta Report – SPA 1416 36 Risk management continued Claims development table The tables below show the SPA's cumulative incurred claims development, including both claims notified and IBNR for each underwriting year, together with the cumulative payments to date on a gross and net of reinsurance basis at the balance sheet date. Estimate of cumulative gross claims incurred: Underwriting Year 2021 2022 $'000 $'000 At end of first underwriting year 176 17,543 One Year Later 3,559 Two Years Later Three Years Later Less cumulative gross paid (404) (1,320) Gross outstanding claims 3,155 16,223 Estimate of cumulative net claims incurred: Underwriting Year 2021 2022 $'000 $'000 At end of first underwriting year 176 13,669 One Year Later 3,546 Two Years Later Three Years Later Less cumulative net paid (404) (1,320) Net outstanding claims 3,142 12,349 The uncertainty associated with the ultimate claims experience of an underwriting year is greatest when the underwriting year is at an early stage of development and the margin for future experience potentially being more adverse than assumed is at its highest. As claims develop, and the ultimate cost of the claims becomes more certain, the relative level of margin should decrease. Due, however, to the uncertainty inherent in the claims estimation process, initial reserves may not always be in a surplus.",2021,2021;2022,gross; net companion table also reviewed where present,,not_applicable_no_mature_cohort,"no underwriting year u <= 2020; reviewed years are [2021, 2022]",0.157,numeric deterministic reading recorded,ineligible,structural_ineligible_no_mature_cohort,pre_model_stub_confirmed_structural_by_source_page_audit,,
syndicate_1492_2015.json,1492,2015,syndicate_reports/pdfs/syndicate_1492_2015.pdf,4b33ac69fb9282fa383404138f0ca0c810b15dc3954499b8c56a36d413e80077,10,"cember 2015 have been mainly determined by reference to available relevant market data. Actual acquisition costs relating to gross written premium and charged in the reporting period were, in the aggregate, as expected when compared to that envisaged within the original Syndicate business plan. Probitas Syndicate 1492 has experienced a shortened 2015 year of account and is now starting its second underwriting year of account; consequently it continues to build up its overall cash balances. The net cash flow during the reporting period was £3,000 from all operations. This amount includes £1.354m of cash inflows from overdrafts, included in operating cash flows as they form an integral part of the cash management of the Syndicate.",2015,2015,gross; net companion table also reviewed where present,,not_applicable_no_mature_cohort,no underwriting year u <= 2013; reviewed years are [2015],,not numerically transcribed; does not alter the no-mature-cohort decision,ineligible,structural_ineligible_no_mature_cohort,pre_model_stub_confirmed_structural_by_source_page_audit,,
syndicate_1492_2016.json,1492,2016,syndicate_reports/pdfs/syndicate_1492_2016.pdf,3e1fd8b8aa0e8fe6118145aefe014eb2df0f7e7a740d032326389c02cf237154,10,"ting Property and Casualty insurance and reinsurance business, including underwriting business from the world’s emerging markets. The Syndicate is backed by a broad mix of corporate member capital. Results The result for Syndicate 1492 for the year ended 31 December 2016 is a loss of £12,376,000 (2015: £2,147,000 loss), of which £2,342,000 and £10,034,000 is attributable to the 2015 and 2016 pure underwriting years of account respectively. The Syndicate’s key financial performance indicators during the period were as follows: 2016 £000 2015 £000 Gross premiums written 42,815 3,018 Gross premiums earned 20,949 233 Net premiums earned 16,125 (233) Net claims incurred (13,331) (132) (Loss) for the financial year (12,376) (2,147) Net Incurred Loss Ratio 82.67% (56.52)% SBF Net Loss Ratio 83.22% (56.43)% Syndicate business forecast (SBF) loss ratio is based on 12 month forecast",2015,2015;2016,gross; net companion table also reviewed where present,,not_applicable_no_mature_cohort,"no underwriting year u <= 2014; reviewed years are [2015, 2016]",,not numerically transcribed; does not alter the no-mature-cohort decision,ineligible,structural_ineligible_no_mature_cohort,pre_model_stub_confirmed_structural_by_source_page_audit,,
syndicate_1609_2022.json,1609,2022,syndicate_reports/pdfs/syndicate_1609_2022.pdf,537868e88a74e1b4abc0e3d3b682c33a4f28893d1cbc4f66e7cfc61bb0155cf8,40,"Asta Report – Syndicate 1609 37 Risk management continued Key assumptions The principal assumption underlying the liability estimates is that the future claims development will follow a similar pattern to benchmark development patterns weighted by the Syndicate risk code mix. This includes assumptions in respect of average claim costs, claim handling costs, claim inflation factors and claim numbers for each underwriting year. Additional qualitative judgements are used to assess the extent to which past trends may not apply in the future, for example: once-off occurrence; changes in market factors such as public attitude to claiming: economic conditions: as well as internal factors such as portfolio mix, policy conditions and claims handling procedures. Judgement is further used to assess the extent to which external factors such as judicial decisions and government legislation affect the estimates. Other key circumstances affecting the reliability of assumptions include variation in interest rates, delays in settlement and changes in foreign currency rates. Sensitivities The claim liabilities are sensitive to the key assumptions that follow. It has not been possible to quantify the sensitivity of certain assumptions such as legislative changes or uncertainty in the estimation process. The following analysis is performed for reasonably possible movements in key assumptions with all other assumptions held constant, showing the impact on net liabilities, profit and members' balances. The correlation of assumptions will have a significant effect in determining the ultimate claims liabilities, but to demonstrate the impact due to changes in assumptions, assumptions had to be changed on an individual basis. It should be noted that movements in these assumptions are non-linear. 2022 Five Percent increase Five Percent decrease Gross $’000 $’000 Claim liabilities (4,442) 4,442 Net Claim liabilities (3,269) 3,269 2021 Five Percent increase Five Percent decrease Gross $’000 $’000 Claim liabilities (815) 815 Net Claim liabilities (611) 611 Concentration risk The Syndicate writes a diverse book of business predominately within Cyber, Financial Lines, Political Risk, Political Violence, Professional Lines, and Transactional Liability business through the UK Lloyds platform. The method used for deriving sensitivity information and significant assumptions did not change from the previous period.",2021,2021;2022,gross; net companion table also reviewed where present,,not_applicable_no_mature_cohort,"no underwriting year u <= 2020; reviewed years are [2021, 2022]",,not numerically transcribed; does not alter the no-mature-cohort decision,ineligible,structural_ineligible_no_mature_cohort,pre_model_stub_confirmed_structural_by_source_page_audit,,
syndicate_1618_2021.json,1618,2021,syndicate_reports/pdfs/syndicate_1618_2021.pdf,4c7d91fb9ed862b951bf18dddf4bee529a783883018b8a84a37c568541efe28f,39,Ki Syndicate 1618 Annual Report 2021 37 Notes to the Accounts for the year ended 31 December 2021 9 Claims development tables (continued) Estimate of cumulative gross incurred claims $m Underwriting year 2021 At end of underwriting year (124.1) Current estimate of cumulative claims incurred (124.1) Cumulative payments 11.5 Gross outstanding claims provision as at 31 December 2021 (112.6) Estimate of cumulative net incurred claims $m Underwriting year 2021 At end of underwriting year (114.6) Current estimate of cumulative claims incurred (114.6) Cumulative payments 11.5 Net outstanding claims provision as at 31 December 2021 (103.1) 10 Financial investments Market Value Cost 2021 2021 $m $m Shares and other variable yield securities and units in unit trusts 19.4 19.0 Debt securities and other fixed income securities 91.7 92.3 Total 111.1 111.3 All financial investments have been designated as held at fair value through profit or loss. The following table shows financial investments recorded at fair value analysed between the levels in the fair value hierarchy: Level 1 Level 2 Total Year ended 31 December 2021 $m $m $m Shares and other variable yield securities and units in unit trusts 19.4 - 19.4 Debt securities and other fixed income securities 91.7 - 91.7 Overseas deposits 0.6 5.0 5.6 Total 111.7 5.0 116.7,2021,2021,gross; net companion table also reviewed where present,,not_applicable_no_mature_cohort,no underwriting year u <= 2019; reviewed years are [2021],,not numerically transcribed; does not alter the no-mature-cohort decision,ineligible,structural_ineligible_no_mature_cohort,pre_model_stub_confirmed_structural_by_source_page_audit,,
syndicate_1618_2022.json,1618,2022,syndicate_reports/pdfs/syndicate_1618_2022.pdf,45508632a3d4d2b81beba96d62d8b575a7f2a78c53e2881a03f7defbc1f23da4,47,"1.1 The active underwriter also received $4,943 (2021: $5,500) of pension contributions. 8 Net investment return 2022 2021 $m $m Income from investments 5.8 0.1 Gains on investments 9.0 - Losses on investments (22.6) (0.6) Investment management charges (0.1) - Total investment return (7.9) (0.5) All investment return arose on underwriting activities and was transferred to the technical account. 9 Claims development tables The following tables illustrate the development of the estimates of earned ultimate cumulative claims incurred, including claims notified and IBNR. Non-US dollar cumulative claims estimates and cumulative payments are translated into US dollars at the period end rate as at 31 December 2022. As these tables are on an underwriting year basis, there is an apparent large increase from amounts reported for the end of the underwriting year to one year later as a large proportion of premiums are earned in the year of account’s second year of development. Estimate of cumulative gross incurred claims $m Underwriting year 2021 2022 At end of underwriting year (121.9) (272.1) One year later (264.3) - Current estimate of cumulative claims incurred (264.3) (272.1) Cumulative payments 65.0 18.7 Gross outstanding claims provision as at 31 December 2022 (199.3) (253.4)",2021,2021;2022,gross; net companion table also reviewed where present,,not_applicable_no_mature_cohort,"no underwriting year u <= 2020; reviewed years are [2021, 2022]",,not numerically transcribed; does not alter the no-mature-cohort decision,ineligible,structural_ineligible_no_mature_cohort,pre_model_stub_confirmed_structural_by_source_page_audit,,
syndicate_1686_2015.json,1686,2015,syndicate_reports/pdfs/syndicate_1686_2015.pdf,c96c13d702555fd0c67f9c21f845f7b06fb85021e2c09858c5b6e451ab4bf561,34,"Key assumptions The principal assumption underlying the liability estimates is that the future claims development will follow a similar pattern to past claims development experience. This includes assumptions in respect of average claim costs, claim handling costs, claim inflation factors and claim numbers for each underwriting year. Additional qualitative judgements are used to assess the extent to which past trends may not apply in the future, for example: once-off occurrence; changes in market factors such as public attitude to claiming: economic conditions: as well as internal factors such as portfolio mix, policy conditions and claims handling procedures. Judgement is further used to assess the extent to which external factors such as judicial decisions and government legislation affect the estimates. Other key circumstances affecting the reliability of assumptions include variation in interest rates, delays in settlement and changes in foreign currency rates. Sensitivities The claim liabilities are sensitive to the key assumptions that follow. It has not been possible to quantify the sensitivity of certain assumptions such as legislative changes or uncertainty in the estimation process. The following analysis is performed for reasonably possible movements in key assumptions with all other assumptions held constant, showing the impact on gross and net liabilities, profit and members' balances. 2015 2014 Gross $7000 $’000 Five percent Increase 8,145 2,048 Five percent decrease (8,145) (2,048) Net Five percent Increase 4,008 1,255 Five percent decrease (4,008) (1,255) Asta Report — Syndicate 1686 29",2014,2014;2015,gross; net companion table also reviewed where present,,not_applicable_no_mature_cohort,"no underwriting year u <= 2013; reviewed years are [2014, 2015]",,not numerically transcribed; does not alter the no-mature-cohort decision,ineligible,structural_ineligible_no_mature_cohort,pre_model_stub_confirmed_structural_by_source_page_audit,,
syndicate_1699_2023.json,1699,2023,syndicate_reports/pdfs/syndicate_1699_2023.pdf,10ff4d6c3c0d491c59fe8eda354fdc0469fd497b8590b3bd6f724320ca76ac74,46,"Asta Report – Syndicate 1699 43 Risk management continued Claims development tables The tables below show the Syndicate’s cumulative incurred claims development, including both claims notified and IBNR for each underwriting year, together with the cumulative payments to date on a gross and net of reinsurance basis at the balance sheet date. Estimate of cumulative gross claims incurred: Underwriting year 2022 2023 Total £’000 £’000 £’000 At end of underwriting year 19,208 19,041 19,041 One year later 49,527 - 49,527 Two years later - - - Less cumulative paid (7,340) (361) (7,701) Liability for gross outstanding claims 42,187 18,680 60,867 Estimate of cumulative net claims incurred: Underwriting year 2022 2023 Total £’000 £’000 £’000 At end of underwriting year 17,953 17,223 17,223 One year later 46,509 - 46,509 Two years later - - - Less cumulative paid (7,343) (361) (7,704) Liability for net outstanding claims 39,166 16,862 56,028 The uncertainty associated with the ultimate claims experience of an underwriting year is greatest when the underwriting year is at an early stage of development and the margin for future experience potentially being more adverse than assumed is at its highest. As claims develop, and the ultimate cost of the claims becomes more certain, the relative level of margin should decrease. Due, however, to the uncertainty inherent in the claims estimation process, initial reserves may not always be in a surplus.",2022,2022;2023,gross; net companion table also reviewed where present,,not_applicable_no_mature_cohort,"no underwriting year u <= 2021; reviewed years are [2022, 2023]",,not numerically transcribed; does not alter the no-mature-cohort decision,ineligible,structural_ineligible_no_mature_cohort,pre_model_stub_confirmed_structural_by_source_page_audit,,
syndicate_1796_2022.json,1796,2022,syndicate_reports/pdfs/syndicate_1796_2022.pdf,2c63fb20dfa6c59025213913eaa4e26a76ab60175830d6471d47feea2886b01e,7,"e and Aggregate Accounts) Regulations 2008 (""Lloyd's Regulations 2008""). The annual report has been prepared on a going concern basis. For further information, please see note 1 to the financial statements. Results The result for the calendar year 2022 is a loss of $694,535 (2021 was a loss of $52,897). Profits and losses will be distributed and collected by reference to the results of individual underwriting years. The Syndicate commenced underwriting as a Syndicate in a Box (SIAB) in the Lloyd’s market in 2020 with the first business written in 2021. The Syndicate has presented its results under FRS102, the Financial Reporting Standard applicable in the UK and Republic of Ireland. In accordance with FRS102, the Syndicate has identified its insurance contracts and accounted for them in accordance with FRS103. Management of the Syndicate Until July 2022 the Syndicate was managed by Ascot Underwriting Limited. On 18 July 2022 Asta Managing Agency Ltd took on the management of the Syndicate by way of novation. Principal activity and review of the business The Syndicate’s principal activity is the underwriting of direct insurance and reinsurance business in the Lloyd’s market. Gross written premium income by class of business for the calendar year was as follows; 2022 $’000 2021 $’000 Marine, Aviation & Transport 2,033 623 2,033 623 The Syndicate's key financial performance indicators during the year was as follows; 2022 $’000 2021 $’000 Gross written premiums 2,033 623 Loss for the financial year (695) (53) Combined ratio* (982)% 110% *The combined ratio is the ratio of net claims incurred and net operating expenses to net premiums earned on a calendar year basis. Lower ratios represent better performance.",2021,2021;2022,gross; net companion table also reviewed where present,,not_applicable_no_mature_cohort,"no underwriting year u <= 2020; reviewed years are [2021, 2022]",,not numerically transcribed; does not alter the no-mature-cohort decision,ineligible,structural_ineligible_no_mature_cohort,pre_model_stub_confirmed_structural_by_source_page_audit,,
syndicate_1840_2020.json,1840,2020,syndicate_reports/pdfs/syndicate_1840_2020.pdf,ed50f8cf50bf1c3777129855142277297be9898d46efd47fa5261a1e0c1cb077,5,"ear ended 31 December 2020. This annual report is prepared using the annual basis of accounting as required by Statutory Instrument No 1950 of 2008, the Insurance Accounts Directive (Lloyd’s Syndicate and Aggregate Accounts) Regulations 2008 (’the 2008 Regulations’). RESULTS The loss for calendar year 2020 is £0.9m. Profits will continue to be distributed by reference to the results of individual underwriting years. PRINCIPAL ACTIVITY AND REVIEW OF THE BUSINESS Munich Re Innovation Syndicate 1840 (MRI 1840) was established from the 1st January 2020 as the first Syndicate in a Box (SiaB) at Lloyd’s dedicated to the design, launch and incubation of innovative insurance products. The syndicate wrote no standard lines of business which could easily be sourced, underwritten or distributed through existing channels. It focuses on emerging risks, products associated with supporting the development of green energy solutions, and mitigating the financial impact of extreme weather events. The Syndicate’s key financial indicators are as follows: 2020 Gross Written Premium £1.0m (Loss) for the financial year £(0.9)m Combined Ratio 380% 2020 was an unprecedented year. This is a common phrase that we have read and heard many times. Soon after the Covid-19 Virus hit the world, we, like the rest of the Lloyd’s market, closed our offices in the middle of March. Nothing would be the same thereafter for the rest of the year. The company went into lockdown mode and remains there. With very few exceptions most of our staff worked from home throughout the entire period. Online work became the new normal, fortunately supported by a resilient IT infrastructure. In person meetings with colleagues or business partners were not possible, neither was travel. It was clear from the start that Covid-19 would prevent us from the face to face meetings and business travel essential to the development of a new account with key stakeholders in London, Germany, the USA and other areas. This was especially problematic for MRI 1840 because our business model is to rely on the expertise contained within the wider Munich Re Group for underwriting and pricing expertise, and developing the innovative products which are a specific requirement of the Syndicate business plan. Many are derived from Munich Re innovation units around the world. Nevertheless, a significant amount of effort was committed to working around these challenges which resulted in a promising pipeline of opportunities developing throughout 2020. Unfortunately, the pace of development was slower than would otherwise have been achieved resulting in our failure to achieve business plan. One of the greatest successes in 2020 was to maintain the light touch status for both managed Syndicates. According to Lloyd’s this will remain as an indispensable prerequisite to be recognised as a leader. As highlighted above, 2020 was a very difficult year, but one spent in a constructive way preparing for what we hope will be a more productive 2021. Despite these challenges we can be proud of what has been achieved in the year. The Syndicate continues to support the Future at Lloyd’s blueprint which marks an exciting new chapter for Lloyd’s by combining data, technology and new ways of working with Lloyd’s existing strengths to transform Lloyd’s culture in all areas from placing risks to paying claims and developing new products.",2020,2020,gross; net companion table also reviewed where present,,not_applicable_no_mature_cohort,no underwriting year u <= 2018; reviewed years are [2020],,not numerically transcribed; does not alter the no-mature-cohort decision,ineligible,structural_ineligible_no_mature_cohort,pre_model_stub_confirmed_structural_by_source_page_audit,,
syndicate_1840_2021.json,1840,2021,syndicate_reports/pdfs/syndicate_1840_2021.pdf,ddda7b0a020f6ccb73f3d5ee9f4446f1a9ce15a4a2c519466763f2ace9736aa2,5,"ort for the year ended 31 December 2021. This annual report is prepared using the annual basis of accounting as required by Statutory Instrument No 1950 of 2008, the Insurance Accounts Directive (Lloyd’s Syndicate and Aggregate Accounts) Regulations 2008 (’the 2008 Regulations’). RESULTS The loss for calendar year 2021 is £1.0m. Losses will be cash called by reference to the results of individual underwriting years. PRINCIPAL ACTIVITY AND REVIEW OF THE BUSINESS Munich Re Innovation Syndicate 1840 (MRI 1840) was established from the 1st January 2020 as the first Syndicate in a Box (SiaB) at Lloyd’s dedicated to the design, launch and incubation of innovative insurance products. The syndicate wrote no standard lines of business which could easily be sourced, underwritten or distributed through existing channels. It focuses on emerging risks, products associated with supporting the development of green energy solutions, and mitigating the financial impact of extreme weather events. The Syndicate’s key financial indicators are as follows: 2021 2020 Gross Written Premium £3.9m £1.0m (Loss) for the financial year £(1.0)m £(0.9)m Combined Ratio 207.8% 380.0% The combined ratio is the ratio of claims incurred (net of reinsurance) and operating expenses to earned premiums (net of reinsurance). 2020 was an unprecedented year and the impact of Covid-19 rolled on into 2021. In person meetings with colleagues or business partners were not possible for much of the year, and neither was travel. This prevented us from conducting the face-to-face meetings and business travel essential to the development of a new account with key stakeholders in London, Germany, the USA and other areas. This was especially problematic for MRI 1840 because our business model is to rely on the expertise contained within the wider Munich Re Group for underwriting and pricing expertise and developing the innovative products which are a specific requirement of the Syndicate business plan. Many are derived from Munich Re innovation units around the world. Nevertheless, a significant amount of success was achieved, especially in the parametric weather part of our business plan. We have continued to work on the areas of green energy and other emerging risks but unfortunately the pace of development was slower than we would have liked, resulting in us failing to achieve business plan in those areas. A large single parametric windstorm loss has had a detrimental effect on our combined ratio. The Syndicate continues to support the Future at Lloyd’s blueprint and innovation activities at Lloyd’s seeking to combine data, technology and new ways of working with Lloyd’s existing strengths to transform Lloyd’s culture in all areas from placing risks to paying claims and developing new products. We remain focussed on innovative insurance products and distribution methods. The gross written premium is accounted 99% in Property and 1% in Third Party Liability for 2021 (2020: 100% Property). The Syndicate has a quota share arrangement of 75% across the book. This quota share reinsurance reduces the net exposures generated during the formative stages of the new syndicate, and allows a direct expense offset through the overrider charged on the premium ceded back to Munich Re. This proportional treaty structure will avoid the potential for punitive minimum and deposit premiums incurred under a n",2020,2020;2021,gross; net companion table also reviewed where present,,not_applicable_no_mature_cohort,"no underwriting year u <= 2019; reviewed years are [2020, 2021]",,not numerically transcribed; does not alter the no-mature-cohort decision,ineligible,structural_ineligible_no_mature_cohort,pre_model_stub_confirmed_structural_by_source_page_audit,,
syndicate_1840_2022.json,1840,2022,syndicate_reports/pdfs/syndicate_1840_2022.pdf,e2a520d3fbd48cfa4a760d67d7b41d1172e8f9a526dfb2db8e1290ff33656456,5,"ended 31 December 2022. This annual report is prepared using the annual basis of accounting as required by Statutory Instrument No 1950 of 2008, the Insurance Accounts Directive (Lloyd’s Syndicate and Aggregate Accounts) Regulations 2008 (’the 2008 Regulations’). RESULTS The loss for calendar year 2022 is £0.5m (2021: Loss £1m). Losses will be cash called by reference to the results of individual underwriting years. PRINCIPAL ACTIVITY AND REVIEW OF THE BUSINESS Munich Re Innovation Syndicate 1840 was established from the 1st January 2020 as the first Syndicate in a Box (‘SiaB’) at Lloyd’s dedicated to the design, launch and incubation of innovative insurance products. The Syndicate wrote no standard lines of business which could easily be sourced, underwritten or distributed through existing channels. It focuses on emerging risks, products associated with supporting the development of green energy solutions, and mitigating the financial impact of extreme weather events. The Syndicate’s key financial indicators are as follows: 2022 2021 Gross Written Premium £3.7m £3.9m (Loss) for the financial year £(0.5)m £(1.0)m Combined Ratio 127.8% 207.8% The combined ratio is the ratio of claims incurred (net of reinsurance) and operating expenses to earned premiums (net of reinsurance). The decision was taken during Q1 2022 that the Board of MRSL (‘The Board’) would not request an extension to operate beyond the 2022 underwriting year, and that Syndicate 1840 would be put into a planned run off at 31 December 2022. Following this decision, we remained focussed on developing the short tail parametric elements of the account, and avoided committing to longer tail business, or delegated authority business after the end of Q2 2022. This approach led to a reduced premium income, but ensured a more manageable run-off with minimum reinsurance to close exposure at 31 December 2024. The Syndicate continued to support the Future at Lloyd’s blueprint and innovation activities at Lloyd’s seeking to combine data, technology and new ways of working with Lloyd’s existing strengths to transform Lloyd’s culture in all areas from placing risks to paying claims and developing new products. We remain focussed on innovative insurance products and distribution methods, which will be written on the main Munich Re Syndicate 457 from the 2023 underwriting year and beyond. The gross written premium is accounted 92% in Property and 8% in Third Party Liability for 2022 (2021: 99% in Property and 1% in Third Party Liability). The Syndicate has a quota share arrangement of 75% across the book. This quota share reinsurance reduces the net exposures generated during the formative stages of the new Syndicate, and allows a direct expense offset through the overrider charged on the premium ceded back to Munich Re. This proportional treaty structure will avoid the potential for punitive minimum and deposit premiums incurred under a non-proportional treaty reinsurance programme for these new lines of business. The paid reinsurance premiums for 2022 are to EU companies.",2020,2020;2021;2022,gross; net companion table also reviewed where present,2020,printed_dashes_are_reported_nil_values,UW2020: one-year-after 0 minus two-years-after 0 = 0.000 GBP m,0.279,positive; gross claims outstanding at 1 January 2022,eligible,eligible_observed_zero,corrected_from_pre_model_stub_by_source_page_audit,,"{""gross_premium_mix"": [{""amount_gbp_m"": 3.375, ""line_of_business"": ""Fire and other damage to property"", ""percentage_of_total"": 91.8}, {""amount_gbp_m"": 0.301, ""line_of_business"": ""Third party liability"", ""percentage_of_total"": 8.2}, {""amount_gbp_m"": 0.0, ""line_of_business"": ""Reinsurance"", ""percentage_of_total"": 0.0}], ""gross_premium_page"": 33, ""gross_premiums_written_gbp_m"": 3.676, ""opening_reserves_gbp_m"": 0.279, ""opening_reserves_page"": 38, ""prior_year_development_gbp_m"": 0.0, ""prior_year_development_pct"": 0.0, ""prior_year_movement_page"": 39, ""triangle"": {""currency"": ""GBP"", ""development_rows"": [[18.0, 2364.0, 190.0], [0.0, 3407.0, null], [0.0, null, null]], ""row_labels"": [""At end of underwriting year"", ""One year after"", ""Two years after""], ""source_page"": 39, ""type"": ""gross"", ""underwriting_years"": [2020, 2021, 2022], ""units"": ""thousands""}}"
syndicate_1856_2017.json,1856,2017,syndicate_reports/pdfs/syndicate_1856_2017.pdf,ac1c57bb97e03cbc51870574887c7aa61bba57ac51c3497cd0e8653aca4aedbd,42,£89.2m); 2. Maximum realistic disaster scenario net exposure for the 2017 Year of Account of 24.9% (2016 Year of Account: 20.5%) of stamp capacity; and 3. Usual maximum gross line size for 2017 of £15.0m (2016: £14.2m). Claims Open market claims are settled by the claims management team. The claims department operates to approved claims handling guidelines which reflect Lloyd’s minimum standards. Claims development tables shown on an underwriting year basis and are set out below and the key assumptions underlying liability estimates are set out in the Key Assumptions section. Page 40 of 54,2016,2016;2017,gross; net companion table also reviewed where present,,not_applicable_no_mature_cohort,"no underwriting year u <= 2015; reviewed years are [2016, 2017]",,not numerically transcribed; does not alter the no-mature-cohort decision,ineligible,structural_ineligible_no_mature_cohort,pre_model_stub_confirmed_structural_by_source_page_audit,,
syndicate_1884_2015.json,1884,2015,syndicate_reports/pdfs/syndicate_1884_2015.pdf,e56d693684c2b46c5ef49665d0036fc5f8a6f3d7821b50881a91c9de52ae7c02,39,"Net At 31 December 2015 (£000) liabilities of liabilities liabilities Direct insurance: Marine, aviation and transport (4,205) 165 (4,040) Fire and other damage to property (528) 48 (480) Third-party liability (14) 1 (13) (4,747) 214 (4,533) Reinsurance (1,581) 99 (1,482) (6,328) 313 (6,015) The table below shows the Gross insurance contract outstanding claims provision at 31 December 2015: 2015 underwriting year of account £000 Estimate of cumulative claims incurred At end of underwriting year (7,100) Current estimate of cumulative claims incurred (7,100) Cumulative claims paid At end of underwriting year 772 Cumulative payments to date 772 Gross outstanding claims provision at 31 December 2015 at original exchange rates (6,328) Foreign exchange adjustment - Total gross outstanding claims provision per the statement of financial position (6,328) % surplus/(deficiency) of initial gross reserve - The table below shows the Net insurance contract outstanding claims provision at 31 December 2015: 2015 underwriting year of account £000 Estimate of cumulative claims incurred At end of underwriting year (6,787) Current estimate of cumulative claims incurred (6,787) Cumulative claims paid At end of underwriting year 772 Cumulative payments to date 772 Net outstanding claims provision at 31 December 2015 at original exchange rates (6,015) Foreign exchange adjustment - Total net outstanding claims provision per the statement of financial position (6,015) % surplus/(deficiency) of initial gross reserve - The Standard Syndicate 1884 37",2015,2015,gross; net companion table also reviewed where present,,not_applicable_no_mature_cohort,no underwriting year u <= 2013; reviewed years are [2015],,not numerically transcribed; does not alter the no-mature-cohort decision,ineligible,structural_ineligible_no_mature_cohort,pre_model_stub_confirmed_structural_by_source_page_audit,,
syndicate_1884_2016.json,1884,2016,syndicate_reports/pdfs/syndicate_1884_2016.pdf,9cbac3a19175c613d5018a4d644fa3e334afa4e9e19201e1ff54ac838af1e0c6,29,"l analysis of premiums in the year and period by destination (or by situs of risk) is as follows: 2016 2015 £000 £000 UK 574 760 Canada 535 460 United States of America 12,842 1,237 EU member states (excluding UK) 763 371 Other 7,997 3,569 Worldwide 53,608 26,240 76,319 32,637 3. Claims outstanding Gross Reinsurers' Net (£000) share At 1 January 2016 (6,328) 313 (6,015) Claims incurred in current underwriting year (50,467) 6,244 (44,223) Claims paid during the year 16,500 (507) 15,993 Currency exchange (loss)/gain (3,714) 488 (3,226) At 31 December 2016 (44,009) 6,538 (37,471) Gross Reinsurers' Net (£000) share At 1 April 2015 - - - Claims incurred in current underwriting period (7,023) 303 (6,720) Claims paid during the period 903 - 903 Currency exchange (loss)/gain (208) 10 (198) At 31 December 2015 (6,328) 313 (6,015)",2015,2015;2016,gross; net companion table also reviewed where present,,not_applicable_no_mature_cohort,"no underwriting year u <= 2014; reviewed years are [2015, 2016]",,not numerically transcribed; does not alter the no-mature-cohort decision,ineligible,structural_ineligible_no_mature_cohort,pre_model_stub_confirmed_structural_by_source_page_audit,,
syndicate_1892_2019.json,1892,2019,syndicate_reports/pdfs/syndicate_1892_2019.pdf,1bac23c0cd6de37a21bd5e25a5f05ea49000eb04aade409ed848f44a986b8ef6,22,"external claims handling costs. For the most recent years, where a high degree of volatility arises from projections, estimates may be based in part on output from rating and other models of the business accepted and assessments of underwriting conditions. Accordingly, the two most critical assumptions as regards claims provisions are that the past is a reasonable predictor of the likely level of claims development and that the rating and other models used for current business are fair reflections of the likely level of ultimate claims to be incurred. The directors consider that the provisions for gross claims are fairly stated on the basis of the information currently available to them. However, ultimate liability will vary as a result of subsequent information and events and this may result in significant adjustments to the amounts provided. Adjustments to the amounts of claims provisions established in prior years are reflected in the financial statements for the period in which the adjustments are made. The methods used, and the estimates made, are reviewed regularly. Provisions for unearned premiums Unearned premiums are those proportions of premiums written in a year that relate to periods of risk after the reporting date. In respect of general insurance business, written premiums are recognised as earned over the period of the policy on a time apportionment basis having regard where appropriate, to the incidence of risk. The proportion attributable to subsequent periods is deferred as a provision for unearned premiums. Unexpired risks A provision for unexpired risks is made where claims and related expenses are likely to arise after the end of the financial period in respect of contracts concluded before that date, are expected to exceed the unearned premiums and premiums receivable under these contracts, after the deduction of any acquisition costs deferred. The provision for unexpired risks is calculated separately by reference to classes of business which are managed together, after taking into account relevant investment return. At the 31 December 2019 the SPA had no unexpired risk provision.",2019,2019,gross; net companion table also reviewed where present,,not_applicable_no_mature_cohort,no underwriting year u <= 2017; reviewed years are [2019],,not numerically transcribed; does not alter the no-mature-cohort decision,ineligible,structural_ineligible_no_mature_cohort,pre_model_stub_confirmed_structural_by_source_page_audit,,
syndicate_1892_2020.json,1892,2020,syndicate_reports/pdfs/syndicate_1892_2020.pdf,ce833dfff67ca18c69741926537ec82364d668fc9a44b3c79c17a1a72371361f,23,"external claims handling costs. For the most recent years, where a high degree of volatility arises from projections, estimates may be based in part on output from rating and other models of the business accepted and assessments of underwriting conditions. Accordingly, the two most critical assumptions as regards claims provisions are that the past is a reasonable predictor of the likely level of claims development and that the rating and other models used for current business are fair reflections of the likely level of ultimate claims to be incurred. The directors consider that the provisions for gross claims are fairly stated on the basis of the information currently available to them. However, ultimate liability will vary as a result of subsequent information and events and this may result in significant adjustments to the amounts provided. Adjustments to the amounts of claims provisions established in prior years are reflected in the financial statements for the period in which the adjustments are made. The methods used, and the estimates made, are reviewed regularly. Provisions for unearned premiums Unearned premiums are those proportions of premiums written in a year that relate to periods of risk after the reporting date. In respect of general insurance business, written premiums are recognised as earned over the period of the policy on a time apportionment basis having regard where appropriate, to the incidence of risk. The proportion attributable to subsequent periods is deferred as a provision for unearned premiums. Unexpired risks A provision for unexpired risks is made where claims and related expenses are likely to arise after the end of the financial period in respect of contracts concluded before that date, are expected to exceed the unearned premiums and premiums receivable under these contracts, after the deduction of any acquisition costs deferred. The provision for unexpired risks is calculated separately by reference to classes of business which are managed together, after taking into account relevant investment return. At the 31 December 2020 the SPA had no unexpired risk provision (2019: nil).",2019,2019;2020,gross; net companion table also reviewed where present,,not_applicable_no_mature_cohort,"no underwriting year u <= 2018; reviewed years are [2019, 2020]",,not numerically transcribed; does not alter the no-mature-cohort decision,ineligible,structural_ineligible_no_mature_cohort,pre_model_stub_confirmed_structural_by_source_page_audit,,
syndicate_1902_2022.json,1902,2022,syndicate_reports/pdfs/syndicate_1902_2022.pdf,ad54cb267543a643cc6d4005b0cbf8cf75c5e20410b4b7b174492e83ab01f1c8,5,"nts Directive (Lloyd's Syndicate and Aggregate Accounts) Regulations 2008 (""Lloyd's Regulations 2008""). The annual report has been prepared on a going concern basis. For further information, please see note 1 to the financial statements. Results The result for the calendar year 2022 is a profit of £73k. Profits and losses will be distributed and collected by reference to the results of individual underwriting years. The Syndicate commenced underwriting as a Syndicate in a Box (SIAB) in the Lloyd’s market in 2022. The Syndicate has presented its results under FRS102, the Financial Reporting Standard applicable in the UK and Republic of Ireland. In accordance with FRS102, the Syndicate has identified its insurance contracts and accounted for them in accordance with FRS103. Principal activity and review of the business The Syndicate’s principal activity is the underwriting of direct insurance and reinsurance business, of Life Science and Clinical Trials, Medical Malpractice and Commercial Liability business in the Lloyd’s market. Gross written premium income by class of business for the calendar year was as follows; 2022 £’000 Energy Non Marine 32 Third Party Liability 18,965 Reinsurance 3,433 22,430 The Syndicate's key financial performance indicators during the year was as follows; 2022 £’000 Gross written premiums 22,430 Profit for the financial year 73 Combined ratio* (102.2%)",2022,2022,gross; net companion table also reviewed where present,,not_applicable_no_mature_cohort,no underwriting year u <= 2020; reviewed years are [2022],,not numerically transcribed; does not alter the no-mature-cohort decision,ineligible,structural_ineligible_no_mature_cohort,pre_model_stub_confirmed_structural_by_source_page_audit,,
syndicate_1902_2023.json,1902,2023,syndicate_reports/pdfs/syndicate_1902_2023.pdf,602e0c1ae445b80862851a14b9413ce8d75cea6333117f33a0c612612d221cfe,5,"xecutive Performance Oversight Working Group) and as such these financial statements have been prepared on a going concern basis. For further information, please see note 1 to the financial statements. Results The result for the calendar year 2023 is a profit of £5.4m. (2022 calendar year profit £0.1m). Profits and losses will be distributed and collected by reference to the results of individual underwriting years. This is the second year of the Syndicate’s operations. The Syndicate’s principal activity is the underwriting of Third party liability insurance business in the Lloyd’s market. The Syndicate has presented its results under FRS102, the Financial Reporting Standard applicable in the UK and Republic of Ireland. In accordance with FRS102, the Syndicate has identified its insurance contracts and accounted for them in accordance with FRS103 Insurance Contracts. Principal activity and review of the business The Syndicate’s principal activity is the underwriting of direct insurance and reinsurance business, of Life Science and Clinical Trials, Medical Malpractice and Commercial Liability business in the Lloyd’s market. Gross written premium income by class of business for the calendar year was as follows; 2023 £’000 2022 £’000 Energy Non Marine 50 32 Third Party Liability 46,729 18,965 Reinsurance 1,835 3,433 48,614 22,430 The Syndicate's key financial performance indicators during the year were as follows; 2023 £’000 2022 £’000 Gross written premiums 48,614 22,430 Profit for the financial year 5,402 73 Combined ratio* 83.6% 102.2%",2022,2022;2023,gross; net companion table also reviewed where present,,not_applicable_no_mature_cohort,"no underwriting year u <= 2021; reviewed years are [2022, 2023]",,not numerically transcribed; does not alter the no-mature-cohort decision,ineligible,structural_ineligible_no_mature_cohort,pre_model_stub_confirmed_structural_by_source_page_audit,,
syndicate_1925_2024.json,1925,2024,syndicate_reports/pdfs/syndicate_1925_2024.html,bd4b7c82d42ce25f531cc9bcb0a49ac2797d131d98dc80b75de1e03ab71ae822,11,Limited (“ASML”) is approved as a managing agency at Lloyd’s and is authorised by the Prudential Regulation Authority (“PRA”). ASML is regulated by the Financial Conduct Authority (“FCA”) and the PRA. Results Gross written premium amounted to $41.7m. The result for the year was a profit of $0.9m. Profits and losses are distributed and called respectively by reference to the results of individual underwriting years. ASML uses the key performance indicators shown in the table below to measure the performance of the syndicate against its objectives and overall strategy. These indicators are assessed against plan and are subject to regular review. The syndicate predominantly writes business denominated in US Dollars and therefore reports in that currency. 2024 $’m Gross premium written 41.7 Net premium written 21.8 Net premium earned 14.7 Profit for the financial year 0.9 Claims ratio 57% Expense ratio 37% Combined ratio 94% Notes: The claims ratio is the ratio of net claims incurred to net premiums earned. The expense ratio is the ratio of net operating expenses to net premiums earned. The combined ratio is the sum of the claims and expense ratios.,2024,2024,gross; net companion table also reviewed where present,,not_applicable_no_mature_cohort,no underwriting year u <= 2022; reviewed years are [2024],,not numerically transcribed; does not alter the no-mature-cohort decision,ineligible,structural_ineligible_no_mature_cohort,pre_model_stub_confirmed_structural_by_source_page_audit,,
syndicate_1971_2019.json,1971,2019,syndicate_reports/pdfs/syndicate_1971_2019.pdf,a180f353650d2096a295cd8bb3367b510c8b77c2041d30ab0a7fbb63be52f1ca,8,"tors of the managing agent present their report, which incorporates the strategic review, for Syndicate 1971 for the year ended 31 December 2019. This annual report is prepared using the annual basis of accounting as required by Statutory Instrument No. 1950 of 2008, The Insurance Accounts Directive (Lloyd’s Syndicate and Aggregate Accounts) Regulations 2008 (“Lloyd’s Regulations 2008”). Separate underwriting year accounts for Syndicate 1971 will be produced from the 2021 year end when the first year of account closes. Principal activity This report covers the business of Syndicate 1971 which was established for the 2019 year of account as a Special Purpose Arrangement. Trading as ibott (Insuring Businesses of Tomorrow, Today) the principal activity of the syndicate is writing automotive casualty risks relating to the shared economy in respect of its ibott Rover class of business. The business is written by Syndicate 1969 then ceded as an 80% quota share to the syndicate. The syndicate has a 50 percent third party quota share reinsurance with an AA rated global reinsurer. The quota share contract with Syndicate 1969 operates on a funds withheld basis. Under this arrangement all transactions are undertaken by Syndicate 1969 on behalf of the syndicate, until closure of the year, when the declared result will be remitted to members. Investment income arising on the business is allocated to the funds withheld balance. Syndicate 1971 trades through Lloyd’s worldwide licenses and rating and has the benefit of the Lloyd’s brand. Lloyd’s has an A (Excellent) rating from A.M. Best, A+ (Strong) from Standard & Poor’s and AA- (Very Strong) from Fitch. The syndicate’s capacity for the 2019 year of account was £130m ($171.6m at the Lloyd’s planning rate of $1.32). Stamp capacity for the 2020 year of account is £115.0m ($146.1m at $1.27). Apollo Syndicate Management Limited (“ASML”) is approved as a managing agency at Lloyd’s and is authorised by the Prudential Regulation Authority. ASML is regulated by the Financial Conduct Authority and Prudential Regulation Authority. Results 2019 $’m Gross premium written 84.3 Net premium written 34.3 Net premium earned 14.4 Loss for the financial year (1.2) Claims ratio 83% Expense ratio 25% Combined ratio 108% Notes: The claims ratio is the ratio of net claims incurred to net premiums earned. The expense ratio is the ratio of net operating expenses to net premiums earned. The combined ratio is the sum of the claims and expense ratios. The expense and combined ratios exclude investment return and foreign exchanges gains and losses.",2019,2019,gross; net companion table also reviewed where present,,not_applicable_no_mature_cohort,no underwriting year u <= 2017; reviewed years are [2019],,not numerically transcribed; does not alter the no-mature-cohort decision,ineligible,structural_ineligible_no_mature_cohort,pre_model_stub_confirmed_structural_by_source_page_audit,,
syndicate_1971_2020.json,1971,2020,syndicate_reports/pdfs/syndicate_1971_2020.pdf,3e26d7256dc1d8ee0e24d7af966b85fae4b6cb4ebe12217fa92a384be967c0b1,9,"rformance of the syndicate against its objectives and overall strategy. These indicators are regularly reviewed and are measured against plan and prior year outcomes. Gross written premium increased 21% to $102.2m (2019: $84.3m). The result for the year was a profit of $5.3m (2019: loss of $1.2m). Profits and losses are distributed and called respectively by reference to the results of individual underwriting years. The syndicate predominantly writes business denominated in US Dollars and therefore reports accordingly. This aids comparability between years and reduces volatility in the reported results caused by foreign currency exchange rates. Review of the business The syndicate writes a new and growing book of business. A new class, ibott General Liability, was written from 2020 which contributed to the growth in the book. The business inceptions are weighted towards the second half of the year and therefore there is significant business still to earn at the year end. The expense ratio is falling as volumes build and business from the first year of operation earns through. The reported result reflects the level of reserving for the business written. The business is expected to be profitable, however a cautious approach to reserving has been adopted and there has been limited recognition of underwriting profit at this stage of development. As a relatively new class of liability business in an evolving area data; is limited and the reserving is consequently highly judgemental. The syndicate has not incurred any insurance losses associated with the COVID-19 pandemic. The syndicate has written 71% of its planned income for the 2020 year of account. Reduced economic activity as a result of the COVID-19 pandemic impacted the client base and did adversely impact premium volumes. Conversely rate increases were 19% compared to a plan that did not originally expect any risk adjusted improvements.",2019,2019;2020,gross; net companion table also reviewed where present,,not_applicable_no_mature_cohort,"no underwriting year u <= 2018; reviewed years are [2019, 2020]",28.036,numeric deterministic reading recorded,ineligible,structural_ineligible_no_mature_cohort,pre_model_stub_confirmed_structural_by_source_page_audit,,
syndicate_1980_2019.json,1980,2019,syndicate_reports/pdfs/syndicate_1980_2019.pdf,a04fec7dfb047563abfaa415255e033407d44ea1af2a81fdc173773541d0d6ff,5,"nd Aggregate Accounts) Regulations 2008 (""Lloyd's Regulations 2008""). The annual report has been prepared on a going concern basis. For further information, please see note 1 to the financial statements. Results The result for the calendar year 2019 is a loss of $33,757,072. (2018: loss of $39,603,295). Profits and losses will be distributed and collected by reference to the results of individual underwriting years The Syndicate has presented its results under FRS102, the Financial Reporting Standard applicable in the UK and Republic of Ireland. In accordance with FRS102, the Syndicate has identified its insurance contracts and accounted for them in accordance with FRS103. Principal activity and review of the business The Syndicate’s principal activity is the underwriting of direct insurance and reinsurance business in the Lloyd’s market. On 14th November 2019, it was announced that the Syndicate would enter voluntary run off on the 1st January 2020. Gross written premium income by class of business for the calendar year was as follows; 2019 $’000 2018 $’000 Casualty 25,432 29,118 Engineering & MPE 13,801 34,816 Financial Institutions 15,055 13,836 International Property 429 11,723 Marine 13,100 21,745 Onshore Energy 14,186 12,959 Operational Power 14,683 11,461 Professional Indemnity 44,125 51,098 US Property 50,164 34,113 Prior Year Loss Portfolio Transfer - 30,368 190,975 251,237",2018,2018;2019,gross; net companion table also reviewed where present,,not_applicable_no_mature_cohort,"no underwriting year u <= 2017; reviewed years are [2018, 2019]",221.625,numeric deterministic reading recorded,ineligible,structural_ineligible_no_mature_cohort,pre_model_stub_confirmed_structural_by_source_page_audit,,
syndicate_1985_2023.json,1985,2023,syndicate_reports/pdfs/syndicate_1985_2023.pdf,2f531a935f91fb0470701128a701f168d08fcd32a10316680480a90214a02f35,24,"r IBNR, net of estimated irrecoverable amounts, having regard to the reinsurance programme in place for the class of business and the claims experience for the year. The Syndicate uses a number of statistical techniques to assist in making these estimates. Accordingly, the two most critical assumptions as regards claims provisions are that the past is a reasonable predictor of the likely level of claims development and that the rating and other models used for current business are fair reflections of the likely level of ultimate claims to be incurred. The directors consider that the provisions for gross claims and related reinsurance recoveries are fairly stated on the basis of the information currently available to them. However, ultimate liability will vary as a result of subsequent information and events and this may result in significant adjustments to the amounts provided. Provisions for unearned premiums Unearned premiums are those proportions of premiums written in a year that relate to periods of risk after the reporting date. In respect of general insurance business, written premiums are recognised as earned over the period of the policy on a time apportionment basis having regard where appropriate, to the incidence of risk. The proportion attributable to subsequent periods is deferred as a provision for unearned premiums. Unearned reinsurance premiums are those proportions of premiums written in a year that relate to periods of risk after the reporting date. Unearned reinsurance premiums are deferred over the term of the underlying insurance policies for risks-attaching and for losses-occurring contracts. Unexpired risks A provision for unexpired risks is made where claims and related expenses likely to arise after the end of the financial period in respect of contracts concluded before that date, are expected to exceed the unearned premiums and premiums receivable under these contracts, after the deduction of any acquisition costs deferred. The provision for unexpired risks is calculated separately by reference to classes of business which are managed together, after taking into account relevant investment return. At 31 December 2023 the Syndicate did not have an unexpired risk provision. Deferred acquisition costs Acquisition costs comprise costs arising from the conclusion of insurance contracts. They include both direct costs, such as intermediary commissions or the cost of drawing up the insurance document, and indirect costs, such as the administrative expenses connected with the processing of proposals and the issuing of policies. Deferred acquisition costs are costs arising from conclusion of insurance contracts that are incurred during the reporting period but which relate to a subsequent reporting period, and which are carried forward to subsequent reporting periods. Deferred acquisition costs are amortised over the period in which the related premiums are earned.",2023,2023,gross; net companion table also reviewed where present,,not_applicable_no_mature_cohort,no underwriting year u <= 2021; reviewed years are [2023],,not numerically transcribed; does not alter the no-mature-cohort decision,ineligible,structural_ineligible_no_mature_cohort,pre_model_stub_confirmed_structural_by_source_page_audit,,
syndicate_1988_2022.json,1988,2022,syndicate_reports/pdfs/syndicate_1988_2022.pdf,315503ff950cbd737a16f1116a0c316e2990907145501fd04c35118ebe6aa78d,5,"iod. Additionally, as the Syndicate continues to build scale its results are less impacted by the upfront recognition of expenses. Premium growth has been driven by significant rating level increases across the portfolio and the decision by the Syndicate to increase its share of CFC Group’s facilities compared to 2021. Given this strong performance we are very positive regarding the 2021 and 2022 underwriting year ultimate forecast results to our capacity providers, which are comprised of the performance of the Syndicate plus an additional participation fee. This continued good performance ensures the Syndicate remains competitive in attracting and retaining capacity for the foreseeable future. The forecast underwriting year results, acknowledging the very early stage in the development of the 2022 underwriting year, for the Syndicate on an ultimate basis as at the end of the fourth quarter of 2022 are outlined below: 2022 2021 $’000 $’000 Gross written premium 293,222 153,209 Syndicate NCOR* 83.8% 81.6% *The net combined ratio (“NCOR”) is the ratio of net claims and net operating expenses to net premiums on an ultimate basis as per the above, this excludes the additional participation fee paid by members. Looking forward to 2023 the Syndicate will seek to continue to support CFC Group’s facilities. M Taylor March 2023",2021,2021;2022,gross; net companion table also reviewed where present,,not_applicable_no_mature_cohort,"no underwriting year u <= 2020; reviewed years are [2021, 2022]",8.513,numeric deterministic reading recorded,ineligible,structural_ineligible_no_mature_cohort,pre_model_stub_confirmed_structural_by_source_page_audit,,
syndicate_2019_2020.json,2019,2020,syndicate_reports/pdfs/syndicate_2019_2020.pdf,0a66c26bf2da3e88ede655254deaca4092a5434f778f8f8c6751e6b49f7416b5,6,"Talbot Underwriting Ltd Syndicate 2019 Annual Report and Accounts 2020 3 Report of the directors of the Managing Agent (continued) Traditionally, the performance of a syndicate has been assessed by measuring, as a percentage of syndicate capacity, the 36 month result on a funded accounting basis for a “closed” underwriting year of account. There are no closed years of account for the syndicate at 31 December 2020. The forecast for the 2020 open year of account is shown below. Year of account 2020 open Capacity (£m) £450 Open year forecast/Closed year result (£m) (32.3) Return on capacity % -7.2% Syndicate capacity is a measure used by Lloyd’s and refers to a syndicate’s capacity to write premiums net of acquisition costs. Syndicate capacity is agreed by Lloyd’s in sterling based on prescribed rates of exchange. Review of the business Underwriting The syndicate underwrites a 49.1% quota share of PCG’s HNW portfolio. The portfolio is protected by a reinsurance programme comprising excess of loss, quota share and facultative covers which applies before the cession into the syndicate. The syndicate’s gross premiums and claims are therefore received after application of those reinsurance protections. The syndicate does not purchase any reinsurance itself and as such its gross premiums and claims are equal to its net premiums and claims respectively. Any references to net figures within this report are therefore equal to the gross. Premiums written by class of business for the calendar year were as follows:- 2020 $m Homeowners 467.3 Auto 113.1 Collection Fine Art 29.1 Collection General Specie 59.4 Yacht 9.2 Excess Liability 44.8 Workers Comp 1.8 Total gross premiums written 724.7",2020,2020,gross; net companion table also reviewed where present,,not_applicable_no_mature_cohort,no underwriting year u <= 2018; reviewed years are [2020],278.4,numeric deterministic reading recorded,ineligible,structural_ineligible_no_mature_cohort,pre_model_stub_confirmed_structural_by_source_page_audit,,
syndicate_2019_2021.json,2019,2021,syndicate_reports/pdfs/syndicate_2019_2021.pdf,b1acd1bba309d67cebe1cb4a57c4e24786e5ab9522bb743c9fa6f0d2820cf788,24,"not been provided for. The total estimate for insurance losses incurred but not reported at 31 December 2021 is $374.3m (31 December 2020: $240.8m). The process for estimating claims provisions considers key sources of uncertainty around the following:  Future development of inward claims, both reported and unsettled and incurred but not reported claims;  The allocation of claims liabilities by underwriting year prior to cession to the syndicate;  Estimates of claims liabilities for cat events;  Corresponding reinsurance recoveries prior to cession to the syndicate, including considerations for the recoveries made under the deemed reinsurance outlined within the quota share reinsurance contracts; and  The splits of future claim liabilities between earned and unearned exposures. Assumptions and expert judgements made to quantify these uncertainties are produced by the cedent’s actuarial, claims and reinsurance personnel. Supporting their production are:  Monthly and quarterly claims and premium data, both gross and net of reinsurance;  Quarterly cedent updates on expected premium volumes and rating levels in light of business written and prevalent market conditions;  Ongoing monitoring of developing claims experience relative to that implied/expected from the reserving model, with quarterly assessment of suitability of actuarial reserving assumptions in light of emerging experience;  Annual detailed reviews of actuarial assumptions used in the reserving model, including discussions of impact of rate movements, underwriting strategies, reinsurance protection, etc., on these assumptions; and Talbot receives the reserve data from the cedent and reviews these assumptions and judgements. Talbot’s Reserve Committee sets the ultimate claims liability provisions on a best estimate, undiscounted basis. 5 Risk management The principal risks to the business of the syndicate are insurance, credit, liquidity, market and operational risks as set out below. All risks are overseen and managed by the Board and its sub committees. Executive oversight of the Risk Management Framework is delegated to the Executive Committee, which is responsible for ensuring that a risk register and key controls have been established and are maintained by the business. In addition to the Executive Committee, there are a number of other management committees which are responsible for risk, including the following: ● Insurance Management Committee; ● Reserve Committee; ● Operational Risk Committee; and ● Financial Risk Committee. Insurance risk with regard to underwriting is monitored by the Insurance Management Committee. Insurance risk with regard to reserving is monitored by the Reserve Committee. Credit, liquidity, market and solvency risks are monitored by the Financial Risk Committee. Operational risks are monitored by the Operational Risk Committee.",2020,2020;2021,gross; net companion table also reviewed where present,,not_applicable_no_mature_cohort,"no underwriting year u <= 2019; reviewed years are [2020, 2021]",515.1,numeric deterministic reading recorded,ineligible,structural_ineligible_no_mature_cohort,pre_model_stub_confirmed_structural_by_source_page_audit,,
syndicate_2024_2024.json,2024,2024,syndicate_reports/pdfs/syndicate_2024_2024.html,05112e2e0b102c5e15c53938aeeadf3e57de4904faa2074a1d41667176d0de80,,".5m with a net incurred loss ratio of 92.5% and a combined ratio of 133.1%. This unsurprising result reflects the first year of underwriting for the Syndicate with slower earnings of written premiums in the calendar year relative to the net operating expenses. Furthermore, allowances have been made for the potential Dali loss on the International Group however it is pleasing to note the 2024 full underwriting year is forecast to settle with a combined ratio below 90%. 2024 Market Conditions The rating environment for 2024 was varied across the classes with the Upstream Energy Account experiencing pressure on rating due to the influx of new capacity and the relatively good performance of this portfolio over the last few years. The Marine and Energy Liability Account continued to see double digit rate increases. Although 2024 had a record-breaking Atlantic Hurricane season and the second costliest on record, the upstream energy account experienced minimal losses due to the larger storms missing the oil patch and instead hitting Florida. Report of the Active Underwriter (continued) 7 Underwriting Strategy The strategy for the Syndicate is to be an underwriting led business driven to deliver a profitable return across the cycle by flexing appetite with the price adequacy of the market with no pressure to deliver top line growth. Our core portfolio is made up of Upstream Energy, Marine and Energy Liability, Ports and Terminals Physical Damage and Cargo, where we deliver underwriting and claims leadership for our clients. We continue to focus on the carbon efficiency of our client base and have now developed a baseline of data for our Energy Account which we can build on the future. To write the energy portfolio, we manage and deploy a Consortium made up of like-minded Syndicates who are looking to support energy companies with a low carbon future. We believe in long standing relationships and would like to thank all our consortium partners, reinsurers and capital providers for joining us on this journey. We would also like to thank Probitas Managing Agency for hosting us and all the support they have given since the team came together in May 2023. 2025 Account The Syndicate&#8217;s approved gross written premium and stamp capacity is &#163;52m (2024: &#163;39m) with the main growth planned from our existing classes of business. With the market softening, risk selection and price adequacy will be even more important as we work to deliver bottom line profit. As we look forward to the new underwriting year, we know we face a challenging market but with the depth of experience we have within the AdA Team, we have the ability to navigate and continue to build on our solid foundations. James Grainger Active Underwriter SPA Syndicate 2024 07 March 2025 Managing Agent&#8217;s report 8 The Directors of Probitas Managing Agency Limited (&#8216;PMA&#8217;), the managing agent, present their report for Syndicate 2024 (&#8216;the Syndicate&#8217;) for the year ended 31 December 2024. This report includes the strategic report. Basis of Preparation The financial statements have been prepared in accordance with the Insurance Accounts Directive (Lloyd&#8217;s Syndicate and Aggregate Accounts) Regulations 2008, applicable Accounting Standards in the United Kingdom and the Republic of Ireland, including Financial Reporting Standard 102 (FRS 102), Financial Repor",2024,2024,gross; net companion table also reviewed where present,,not_applicable_no_mature_cohort,no underwriting year u <= 2022; reviewed years are [2024],,not numerically transcribed; does not alter the no-mature-cohort decision,ineligible,structural_ineligible_no_mature_cohort,pre_model_stub_confirmed_structural_by_source_page_audit,,
syndicate_2288_2020.json,2288,2020,syndicate_reports/pdfs/syndicate_2288_2020.pdf,fd74caec0269c2f3804da2fef10259871237fba567e45662e8f5c278d06218de,26,"r IBNR, net of estimated irrecoverable amounts, having regard to the reinsurance programme in place for the class of business and the claims experience for the year. The Syndicate uses a number of statistical techniques to assist in making these estimates. Accordingly, the two most critical assumptions as regards claims provisions are that the past is a reasonable predictor of the likely level of claims development and that the rating and other models used for current business are fair reflections of the likely level of ultimate claims to be incurred. The directors consider that the provisions for gross claims and related reinsurance recoveries are fairly stated on the basis of the information currently available to them. However, ultimate liability will vary as a result of subsequent information and events and this may result in significant adjustments to the amounts provided. Provisions for unearned premiums Unearned premiums are those proportions of premiums written in a year that relate to periods of risk after the reporting date. In respect of general insurance business, written premiums are recognised as earned over the period of the policy on a time apportionment basis having regard where appropriate, to the incidence of risk. The proportion attributable to subsequent periods is deferred as a provision for unearned premiums. Unearned reinsurance premiums are those proportions of premiums written in a year that relate to periods of risk after the reporting date. Unearned reinsurance premiums are deferred over the term of the underlying direct insurance policies for risks-attaching contracts and over the term of the reinsurance contract for losses-occurring contracts. Unexpired risks A provision for unexpired risks is made where claims and related expenses are likely to arise after the end of the financial period in respect of contracts concluded before that date, are expected to exceed the unearned premiums and premiums receivable under these contracts, after the deduction of any acquisition costs deferred. The provision for unexpired risks is calculated separately by reference to classes of business which are managed together, after taking into account relevant investment return. At the 31 December 2020 the Syndicate had no unexpired risk provision. Deferred acquisition costs Acquisition costs comprise costs arising from the conclusion of insurance contracts. They include both direct costs, such as intermediary commissions or the cost of drawing up the insurance document or including the insurance contract in the portfolio, and indirect costs, such as the administrative expenses connected with the processing of proposals and the issuing of policies.",2020,2020,gross; net companion table also reviewed where present,,not_applicable_no_mature_cohort,no underwriting year u <= 2018; reviewed years are [2020],,not numerically transcribed; does not alter the no-mature-cohort decision,ineligible,structural_ineligible_no_mature_cohort,pre_model_stub_confirmed_structural_by_source_page_audit,,
syndicate_2288_2021.json,2288,2021,syndicate_reports/pdfs/syndicate_2288_2021.pdf,b97c41f60b4875c846280e5fa30a852a7793c8b6d6f8de716a15ab8b1ab13479,48,"45 Risk management continued 2021 Loss/(Profit) 2020 Loss/(Profit) Gross $’000 $’000 Five percent Increase (claims liabilities) 2,902 3,840 Five percent decrease (claims liabilities) (2,902) (3,840) Net Five percent Increase (claims liabilities) 1,339 1,243 Five percent decrease (claims liabilities) (1,339) (1,243) Claims development table The tables below show the Syndicate’s cumulative incurred claims development, including both claims notified and IBNR for each underwriting year, together with the cumulative payments to date on a gross and net of reinsurance basis at the balance sheet date. Estimate of cumulative gross claims incurred: Underwriting year 2020 2021 $’000 $’000 At end of underwriting year 89,766 25,166 One year later 118,361 - Two years later - - Three years later - - Less cumulative paid (78,642) (6,851) Liability for gross outstanding claims 39,719 18,315 Total gross outstanding claims (all years) 58,034 Estimate of cumulative net claims incurred: Underwriting year 2020 2021 $’000 $’000 At end of underwriting year 37,822 23,106 One year later 50,448 - Two years later - - Three years later - - Less cumulative paid (40,928) (5,838) Liability for gross outstanding claims 9,520 17,268 Total net outstanding claims (all years) 26,788",2020,2020;2021,gross; net companion table also reviewed where present,,not_applicable_no_mature_cohort,"no underwriting year u <= 2019; reviewed years are [2020, 2021]",,not numerically transcribed; does not alter the no-mature-cohort decision,ineligible,structural_ineligible_no_mature_cohort,pre_model_stub_confirmed_structural_by_source_page_audit,,
syndicate_2357_2014.json,2357,2014,syndicate_reports/pdfs/syndicate_2357_2014.pdf,c40caa985e65a30e675c49d89e7745fd4997bda79acbe84e750babd5fc5505ae,18,"ounts, having regard to the reinsurance programme in place for the class of business, the claims experience for the year and the current security rating of the reinsurance companies involved. A number of statistical methods are used to assist in making these estimates. The two most critical assumptions as regards claims provisions are that the past is a reasonable predictor of the likely level of claims development and that the rating and other models used for current business are fair reflections of the likely level of ultimate claims to be incurred. The directors consider that the provisions for gross claims and related reinsurance recoveries are fairly stated on the basis of the information currently available to them. However, the ultimate liability will vary as a result of subsequent information and events and this may result in significant adjustments to the amounts provided. Adjustments to the amounts of claims provision established in prior years are reflected in the financial statements for the period for which the adjustments are made. The methods used, and the estimates made, are reviewed regularly. 15",2013,2013;2014,gross; net companion table also reviewed where present,,not_applicable_no_mature_cohort,"no underwriting year u <= 2012; reviewed years are [2013, 2014]",,not numerically transcribed; does not alter the no-mature-cohort decision,ineligible,structural_ineligible_no_mature_cohort,pre_model_stub_confirmed_structural_by_source_page_audit,,
syndicate_2358_2022.json,2358,2022,syndicate_reports/pdfs/syndicate_2358_2022.pdf,849dc23dd5a5a5c9275de9af21a1d7b7163c45cdb7f94c191c72920d4a461911,20,"r IBNR, net of estimated irrecoverable amounts, having regard to the reinsurance programme in place for the class of business and the claims experience for the year. The Syndicate uses a number of statistical techniques to assist in making these estimates. Accordingly, the two most critical assumptions as regards claims provisions are that the past is a reasonable predictor of the likely level of claims development and that the rating and other models used for current business are fair reflections of the likely level of ultimate claims to be incurred. The directors consider that the provisions for gross claims and related reinsurance recoveries are fairly stated on the basis of the information currently available to them. However, ultimate liability will vary as a result of subsequent information and events and this may result in significant adjustments to the amounts provided. Adjustments to the amounts of claims provisions established in prior years are reflected in the financial statements for the period in which the adjustments are made. The methods used, and the estimates made, are reviewed regularly. Sensitives of claims incurred and claims development table are included in note 3 of the financial statements. Deferred acquisition costs Acquisition costs comprise the direct expenses of concluding insurance contracts written during the financial year. Acquisition costs are accrued over a period equivalent to that over which the underlying business is underwritten and are charged to the accounting periods in which the related premiums are earned. Deferred acquisition costs represent the proportion of acquisition costs incurred in respect of unearned premiums at the balance sheet date. Liability adequacy testing At each reporting date, liability adequacy tests are performed to ensure the adequacy of the claims liabilities net of deferred acquisition costs and unearned premium reserves. If that assessment shows that the carrying amount of insurance liabilities is inadequate in the light of estimated future cash flows, the entire deficiency is immediately recognised in the profit and loss account. A provision for unexpired risks is made where anticipated claims and related expenses arising after the end of the financial year in respect of contracts concluded before that date, are expected to exceed the unearned premiums under these contracts. The provision for unexpired risks is calculated separately by reference to classes of business which are managed together, after taking into account relevant investment return. At 31 December 2022 the Syndicate did not have an unexpired risk provision.",2022,2022,gross; net companion table also reviewed where present,,not_applicable_no_mature_cohort,no underwriting year u <= 2020; reviewed years are [2022],,not numerically transcribed; does not alter the no-mature-cohort decision,ineligible,structural_ineligible_no_mature_cohort,pre_model_stub_confirmed_structural_by_source_page_audit,"The filing's template prints legacy year headings with dashes in every old column; only UW2022 contains a cohort, and gross claims outstanding at 1 January 2022 is nil.",
syndicate_2358_2023.json,2358,2023,syndicate_reports/pdfs/syndicate_2358_2023.pdf,eafcd6e57ef094de742af04714aa174c673a2cb0541a540f292fabbd75f626eb,25,"24 of 38 2023 Annual Report and Financial Statements Notes to the financial statements – continued 3. Risk management – continued Key assumptions The principal assumption underlying the liability estimates is that the future claims development will follow a similar pattern to past claims development experience. This includes assumptions in respect of average claim costs, claim handling costs and claim numbers for each underwriting year. Additional qualitative judgements are used to assess the extent to which past trends may not apply in the future, for example: one-off occurrence, changes in market factors such as public attitude to claiming, economic conditions, claim inflation factors, as well as internal factors such as portfolio mix, policy conditions and claims handling procedures. Judgement is further used to assess the extent to which external factors such as judicial decisions and government legislation affect the estimates. Other key circumstances affecting the reliability of assumptions include variation in interest rates, delays in settlement and changes in foreign currency rates. Sensitivities The claim liabilities are sensitive to the key assumptions that follow. It has not been possible to quantify the sensitivity of certain assumptions such as legislative changes or uncertainty in the estimation process. The following analysis is performed for reasonably possible movements in key assumptions with all other assumptions held constant, showing the impact on gross and net liabilities, profit and members’ balances. The correlation of assumptions will have a significant effect in determining the ultimate claims liabilities, but to demonstrate the impact due to changes in assumptions, assumptions had to be changed on an individual basis. It should be noted that movements in these assumptions are non-linear and that the level of reinsurance recoveries arising from changes in gross claims will not be proportional to the gross losses. Gross of reinsurance Net of reinsurance Gross of reinsurance Net of reinsurance 2023 2023 2022 2022 $’000 $’000 $’000 $’000 Impact of a 5% variance in: Claims liability 2,460 2,428 465 462 The method used for deriving sensitivity information and significant assumptions did not change from the previous period.",2022,2022;2023,gross; net companion table also reviewed where present,,not_applicable_no_mature_cohort,"no underwriting year u <= 2021; reviewed years are [2022, 2023]",9.304,numeric deterministic reading recorded,ineligible,structural_ineligible_no_mature_cohort,pre_model_stub_confirmed_structural_by_source_page_audit,,
syndicate_2689_2017.json,2689,2017,syndicate_reports/pdfs/syndicate_2689_2017.pdf,1147a7f4cde261bfa414c8b54408b354c27be63990e523d308957f19cb477ddb,5,"up’s non-life insurance business. The Syndicate's key financial performance indicators during the year were as follows; 2017 $’000 Gross written premiums 77,420 Loss for the financial year (20,806) Combined ratio 152% The performance of the Syndicate has been assessed by measuring, as a percentage of underwriting capacity, the 36 month forecasted result on a funded accounting basis for a “closed‟ underwriting year of account. 2017 YOA Open Capacity ($’000) 67,500 Forecasted result ($’000) (19,792) Forecast return on capacity (%) (29)%",2017,2017,gross; net companion table also reviewed where present,,not_applicable_no_mature_cohort,no underwriting year u <= 2015; reviewed years are [2017],,not numerically transcribed; does not alter the no-mature-cohort decision,ineligible,structural_ineligible_no_mature_cohort,pre_model_stub_confirmed_structural_by_source_page_audit,,
syndicate_2689_2018.json,2689,2018,syndicate_reports/pdfs/syndicate_2689_2018.pdf,5693fa0ee674e54bdfaf53b911eed4e822623d0c35320c193deb7118f4a545a5,39,"assumptions, assumptions had to be changed on an individual basis. It should be noted that movements in these assumptions are non-linear. Gross 2018 $’000 2017 $’000 Five percent increase in claim liabilities (3,812) (1,699) Five percent decrease in claim liabilities 3,812 1,699 Net Five percent increase in claim liabilities (3,630) (1,699) Fiver percent decrease in claim liabilities 3,630 1,699 Claims development table The tables below show the Syndicate's cumulative incurred claims development, including both claims notified and IBNR for each underwriting year, together with the cumulative payments to date on a gross and net of reinsurance basis at the balance sheet date. The Syndicate has elected to translate estimated claims and claims payments at a consistent rate of exchange as determined by the balance sheet date. Underwriting year 2017 $’000 2018 $’000 Estimate of cumulative gross claims incurred: At end of first underwriting year 43,271 47,989 One year later 65,452 - Less cumulative gross paid (27,785) (9,414) Liability for gross outstanding claims 37,667 38,575 Total gross outstanding claims 76,242",2017,2017;2018,gross; net companion table also reviewed where present,,not_applicable_no_mature_cohort,"no underwriting year u <= 2016; reviewed years are [2017, 2018]",,not numerically transcribed; does not alter the no-mature-cohort decision,ineligible,structural_ineligible_no_mature_cohort,pre_model_stub_confirmed_structural_by_source_page_audit,,
syndicate_2786_2016.json,2786,2016,syndicate_reports/pdfs/syndicate_2786_2016.pdf,005eb8fdaac89483b497922af9b86a34dd8c1841cba1833204c171d22f813064,5,"uniary Loss 2,821 Reinsurance 28,277 58,521 The Syndicate's key financial performance indicators during the year were as follows; 2016 £7000 Gross written premiums 58,521 Loss for the financial year (9,571) Combined ratio 146.2% The performance of the Syndicate has been assessed by measuring, as a percentage of underwriting capacity, the 36 month result on a funded accounting basis for a “closed"" underwriting year of account. Asta Report — Syndicate 2786 2",2016,2016,gross; net companion table also reviewed where present,,not_applicable_no_mature_cohort,no underwriting year u <= 2014; reviewed years are [2016],,not numerically transcribed; does not alter the no-mature-cohort decision,ineligible,structural_ineligible_no_mature_cohort,pre_model_stub_confirmed_structural_by_source_page_audit,,
syndicate_2786_2017.json,2786,2017,syndicate_reports/pdfs/syndicate_2786_2017.pdf,9f3071cf096ce9446825b85a00b667d0324ae30bdbdbb91490e7210b67163a94,21,"r IBNR, net of estimated irrecoverable amounts, having regard to the reinsurance programme in place for the class of business and the claims experience for the year. The Syndicate uses a number of statistical techniques to assist in making these estimates. Accordingly, the two most critical assumptions as regards claims provisions are that the past is a reasonable predictor of the likely level of claims development and that the rating and other models used for current business are fair reflections of the likely level of ultimate claims to be incurred. The directors consider that the provisions for gross claims and related reinsurance recoveries are fairly stated on the basis of the information currently available to them. However, ultimate liability will vary as a result of subsequent information and events and this may result in significant adjustments to the amounts provided. Adjustments to the amounts of claims provisions established in prior years are reflected in the financial statements for the period in which the adjustments are made. The methods used, and the estimates made, are reviewed regularly. Provisions for unearned premiums Unearned premiums are those proportions of premiums written in a year that relate to periods of risk after the reporting date. In respect of general insurance business, written premiums are recognised as earned over the period of the policy on a time apportionment basis having regard where appropriate, to the incidence of risk. The proportion attributable to subsequent periods is deferred as a provision for unearned premiums. Unearned reinsurance premiums are those proportions of premiums written in a year that relate to periods of risk after the reporting date. Unearned reinsurance premiums are deferred over the term of the underlying direct insurance policies for risks-attaching contracts and over the term of the reinsurance contract for losses-occurring contracts. Unexpired risks A provision for unexpired risks is made where claims and related expenses are likely to arise after the end of the financial period in respect of contracts concluded before that date, are expected to exceed the unearned premiums and premiums receivable under these contracts, after the deduction of any acquisition costs deferred. The provision for unexpired risks is calculated separately by reference to classes of business which are managed together, after taking into account relevant investment return. At the 31 December 2017 the Syndicate had £900,735 of net unexpired risk provision (2016: £372,781)",2016,2016;2017,gross; net companion table also reviewed where present,,not_applicable_no_mature_cohort,"no underwriting year u <= 2015; reviewed years are [2016, 2017]",,not numerically transcribed; does not alter the no-mature-cohort decision,ineligible,structural_ineligible_no_mature_cohort,pre_model_stub_confirmed_structural_by_source_page_audit,,
syndicate_2880_2022.json,2880,2022,syndicate_reports/pdfs/syndicate_2880_2022.pdf,d229fad58abba50658eb759f3b3613cdf9b22548364dba878c1504838de02e90,6,"Directive (Lloyd's Syndicate and Aggregate Accounts) Regulations 2008 (""Lloyd's Regulations 2008""). The annual report has been prepared on a going concern basis. For further information, please see note 1 to the financial statements. Results The result for the calendar year 2022 is a profit of $1,152k. Profits and losses will be distributed and collected by reference to the results of individual underwriting years. The Syndicate commenced underwriting as a Syndicate in a Box (SIAB) in the Lloyd’s market in 2022. The Syndicate has presented its results under FRS102, the Financial Reporting Standard applicable in the UK and Republic of Ireland. In accordance with FRS102, the Syndicate has identified its insurance contracts and accounted for them in accordance with FRS103. Principal activity and review of the business The Syndicate`s principal activity is the underwriting of Fire and other damage to property, Marine and Aviation direct insurance and reinsurance business in the Lloyd’s market. Gross written premium income by class of business for the calendar year was as follows; 2022 $’000 Fire and other damage to property 5,697 Marine 2,183 Aviation 10,496 Reinsurance - 18,376 The Syndicate's key financial performance indicators during the year was as follows; 2022 $’000 Gross written premiums 18,376 Profit for the financial year 1,152 Combined ratio* 88.1%",2022,2022,gross; net companion table also reviewed where present,,not_applicable_no_mature_cohort,no underwriting year u <= 2020; reviewed years are [2022],,not numerically transcribed; does not alter the no-mature-cohort decision,ineligible,structural_ineligible_no_mature_cohort,pre_model_stub_confirmed_structural_by_source_page_audit,,
syndicate_2880_2023.json,2880,2023,syndicate_reports/pdfs/syndicate_2880_2023.pdf,e01f948df806d44431be28c686bab1d35b25bfb6a3e7db6dda8ec20e3670ee56,6,"of the Executive Performance Oversight Working Group) and as such these financial statements have been prepared on a going concern basis. For further information, please see note 1 to the financial statements. Results The result for the calendar year 2023 is a loss of $2,723k (2022: profit of $1,152k). Profits and losses will be distributed and collected by reference to the results of individual underwriting years. The Syndicate has completed its second year of operations as a Syndicate in a Box (SIAB) in the Lloyd’s market. The Syndicate has presented its results under FRS102, the Financial Reporting Standard applicable in the UK and Republic of Ireland. In accordance with FRS102, the Syndicate has identified its insurance contracts and accounted for them in accordance with FRS103 Insurance Contracts. Principal activity and review of the business The Syndicate`s principal activity is the underwriting of Fire and other damage to property, Marine and Aviation direct insurance and reinsurance business in the Lloyd’s market. Gross written premium income by class of business for the calendar year were as follows; 2023 $’000 2022 $’000 Fire and other damage to property 18,575 5,697 Marine 4,940 2,183 Aviation 11,949 10,496 Transport 4,630 - Energy – Non Marine 99 - 40,193 18,376",2022,2022;2023,gross; net companion table also reviewed where present,,not_applicable_no_mature_cohort,"no underwriting year u <= 2021; reviewed years are [2022, 2023]",8.202,numeric deterministic reading recorded,ineligible,structural_ineligible_no_mature_cohort,pre_model_stub_confirmed_structural_by_source_page_audit,,
syndicate_2988_2017.json,2988,2017,syndicate_reports/pdfs/syndicate_2988_2017.pdf,bd2d062543535091216b4f6f23a473f453f716179e0d9102291ebbc70d5cb22f,36,"ANNUAL REPORT 2017 BRIT SYNDICATE 2988 33 Notes to the Accounts For the year ended 31 December 2017 9 Claims development tables The following table illustrates the development of the estimates of earned ultimate cumulative claims incurred, including claims notified and IBNR. Non-Sterling cumulative claims estimates and cumulative payments are translated into Sterling at the period end rate as at 31 December 2017. £'000 Underwriting year 2017 Estimate of cumulative gross incurred claims At end of underwriting year 60,395.3 Cumulative payments (8,302.2) Gross outstanding claims provision as at 31 December 2017 52,093.1 Estimate of cumulative net incurred claims At end of underwriting year 37,830.5 Cumulative payments to date (8,302.2) Net outstanding claims provision as at 31 December 2017 29,528.3 10 Financial investments Market Value Cost 2017 2017 £'000 £'000 Shares and other variable yield securities and units in unit trusts 12,462.4 12,462.4 Total 12,462.4 12,462.4 Shares and other variable yield securities and units in unit trusts comprise of short-term deposits that are highly liquid cash equivalents, all of which are not listed. All financial investments have been designated as held at fair value through profit or loss. The following table shows financial investments recorded at fair value analysed between the three levels in the fair value hierarchy: Level 1 Level 2 Level 3 Total Year ended 31 December 2017 £'000 £'000 £'000 £'000 Short-term deposits 12,462.4 - - 12,462.4 Total 12,462.4 - - 12,462.4 a. Basis for determining the fair value hierarchy of financial instruments The Syndicate has classified the fair value measurements using a fair value hierarchy that reflects the significance of the inputs used in making those measurements. The fair value hierarchy comprises the following levels: (i) Level one – quoted prices (unadjusted) in active markets for identical assets (ii) Level two – inputs other than quoted prices included within level one that are observable for the asset, either directly (i.e. as prices) or indirectly (i.e. derived from prices); and (iii) Level three – inputs for the assets that are not based on observable market data (unobservable inputs).",2017,2017,gross; net companion table also reviewed where present,,not_applicable_no_mature_cohort,no underwriting year u <= 2015; reviewed years are [2017],,not numerically transcribed; does not alter the no-mature-cohort decision,ineligible,structural_ineligible_no_mature_cohort,pre_model_stub_confirmed_structural_by_source_page_audit,,
syndicate_2988_2018.json,2988,2018,syndicate_reports/pdfs/syndicate_2988_2018.pdf,ccac469777e1a8f7fb23a27e75dc3d93f082bf8d7cea652989e4684ff914bbb1,40,"llars 27,856.1 7,427.0 Canadian dollars 5,430.5 446.7 Euros 1,401.9 412.3 Combined in Sterling 28,080.5 7,034.4 Gross calendar year investment yield % Sterling 4.53% 0.12% US dollars 1.91% 1.00% Canadian dollars 0.17% 1.39% Euros 0.00% - Combined in Sterling 1.73% 0.89% Overseas Deposits have been excluded from the analysis as these are actively management by Lloyd’s on behalf of the Syndicate. 9 Claims development tables The following table illustrates the development of the estimates of earned ultimate cumulative claims incurred, including claims notified and IBNR. Non-Sterling cumulative claims estimates and cumulative payments are translated into Sterling at the period end rate as at 31 December 2018. Estimate of cumulative gross incurred claims £'000 Underwriting year 2017 2018 At end of underwriting year 63,858.9 46,800.4 One year later 96,190.1 Current estimate of cumulative claims incurred 96,190.1 46,800.4 Cumulative payments (45,635.4) (3,398.5) Gross outstanding claims provision as at 31 December 2018 50,554.7 43,401.9",2017,2017;2018,gross; net companion table also reviewed where present,,not_applicable_no_mature_cohort,"no underwriting year u <= 2016; reviewed years are [2017, 2018]",,not numerically transcribed; does not alter the no-mature-cohort decision,ineligible,structural_ineligible_no_mature_cohort,pre_model_stub_confirmed_structural_by_source_page_audit,,
syndicate_3268_2018.json,3268,2018,syndicate_reports/pdfs/syndicate_3268_2018.pdf,5797fa50ff9c6670d22b35423cafdb2b11f1996c4a2a3d2bc7b78c605a8a9494,23,"r IBNR, net of estimated irrecoverable amounts, having regard to the reinsurance programme in place for the class of business and the claims experience for the year. The Syndicate uses a number of statistical techniques to assist in making these estimates. Accordingly, the two most critical assumptions as regards claims provisions are that the past is a reasonable predictor of the likely level of claims development and that the rating and other models used for current business are fair reflections of the likely level of ultimate claims to be incurred. The Directors consider that the provisions for gross claims and related reinsurance recoveries are fairly stated on the basis of the information currently available to them. However, ultimate liability will vary as a result of subsequent information and events and this may result in significant adjustments to the amounts provided. Adjustments to the amounts of claims provisions established in prior years are reflected in the financial statements for the period in which the adjustments are made. The methods used, and the estimates made, are reviewed regularly. Provisions for unearned premiums Unearned premiums are those proportions of premiums written in a year that relate to periods of risk after the reporting date. In respect of general insurance business, written premiums are recognised as earned over the period of the policy on a time apportionment basis having regard where appropriate, to the incidence of risk. The proportion attributable to subsequent periods is deferred as a provision for unearned premiums. Unearned reinsurance premiums are those proportions of premiums written in a year that relate to periods of risk after the reporting date. Unearned reinsurance premiums are deferred over the term of the underlying direct insurance policies for risks-attaching contracts and over the term of the reinsurance contract for losses-occurring contracts. Because there was no reinsurance programme in place for the 2018 YOA, this accounting policy was not implemented. Unexpired risks A provision for unexpired risks is made where claims and related expenses are likely to arise after the end of the financial period in respect of contracts concluded before that date, are expected to exceed the unearned premiums and premiums receivable under these contracts, after the deduction of any acquisition costs deferred. The provision for unexpired risks is calculated separately by reference to classes of business which are managed together, after taking into account relevant investment return. At the 31 December 2018 the Syndicate had nil gross unexpired risk provision and nil net unexpired risk provision. Profit commission At the 31 December 2018 the Syndicate had nil profit commission.",2018,2018,gross; net companion table also reviewed where present,,not_applicable_no_mature_cohort,no underwriting year u <= 2016; reviewed years are [2018],,not numerically transcribed; does not alter the no-mature-cohort decision,ineligible,structural_ineligible_no_mature_cohort,pre_model_stub_confirmed_structural_by_source_page_audit,,
syndicate_3268_2019.json,3268,2019,syndicate_reports/pdfs/syndicate_3268_2019.pdf,ad385e2f62cd77bd0878e6aab54e011c8e3c3d20f66ceacb6106a826e4333613,23,"Asta Report – Syndicate 3268 20 Accounting policies continued Accordingly, the two most critical assumptions as regards claims provisions are that the past is a reasonable predictor of the likely level of claims development and that the rating and other models used for current business are fair reflections of the likely level of ultimate claims to be incurred. The Directors consider that the provisions for gross claims and related reinsurance recoveries are fairly stated on the basis of the information currently available to them. However, ultimate liability will vary as a result of subsequent information and events and this may result in significant adjustments to the amounts provided. Adjustments to the amounts of claims provisions established in prior years are reflected in the financial statements for the period in which the adjustments are made. The methods used, and the estimates made, are reviewed regularly. Provisions for unearned premiums Unearned premiums are those proportions of premiums written in a year that relate to periods of risk after the reporting date. In respect of general insurance business, written premiums are recognised as earned over the period of the policy on a time apportionment basis having regard where appropriate, to the incidence of risk. The proportion attributable to subsequent periods is deferred as a provision for unearned premiums. Unearned reinsurance premiums are those proportions of premiums written in a year that relate to periods of risk after the reporting date. Unearned reinsurance premiums are deferred over the term of the underlying insurance policies for risks-attaching contracts and over the term of the reinsurance contract for losses-occurring contracts. Unexpired risks A provision for unexpired risks is made where claims and related expenses are likely to arise after the end of the financial period in respect of contracts concluded before that date, are expected to exceed the unearned premiums and premiums receivable under these contracts, after the deduction of any acquisition costs deferred. The provision for unexpired risks is calculated separately by reference to classes of business which are managed together, after taking into account relevant investment return. At the 31 December 2019 the Syndicate had nil gross unexpired risk provision and nil net unexpired risk provision (2018 £Nil) Profit commission At the 31 December 2019 the Syndicate had nil profit commission (2018 £Nil) Deferred acquisition costs Acquisition costs comprise costs arising from the conclusion of insurance contracts. They include both direct costs, such as intermediary commissions or the cost of drawing up the insurance document or including the insurance contract in the portfolio. It is not the Syndicate’s policy to reallocate a portion of indirect costs, such as the advertising costs or the administrative expenses connected with the processing of proposals and the issuing of policies, to acquisition costs.",2018,2018;2019,gross; net companion table also reviewed where present,,not_applicable_no_mature_cohort,"no underwriting year u <= 2017; reviewed years are [2018, 2019]",,not numerically transcribed; does not alter the no-mature-cohort decision,ineligible,structural_ineligible_no_mature_cohort,pre_model_stub_confirmed_structural_by_source_page_audit,,
syndicate_3456_2023.json,3456,2023,syndicate_reports/pdfs/syndicate_3456_2023.pdf,449293f167528afa0aecc9396e5541d3fcb7cc1866cd6a5b12d27db27917fd02,25,"r IBNR, net of estimated irrecoverable amounts, having regard to the reinsurance programme in place for the class of business and the claims experience for the year. The Syndicate uses a number of statistical techniques to assist in making these estimates. Accordingly, the two most critical assumptions as regards claims provisions are that the past is a reasonable predictor of the likely level of claims development and that the rating and other models used for current business are fair reflections of the likely level of ultimate claims to be incurred. The Directors consider that the provisions for gross claims and related reinsurance recoveries are fairly stated on the basis of the information currently available to them. However, ultimate liability will vary as a result of subsequent information and events and this may result in significant adjustments to the amounts provided. Adjustments to the amounts of claims provisions established in prior years are reflected in the financial statements for the period in which the adjustments are made. The methods used, and the estimates made, are reviewed regularly. Provisions for unearned premiums Unearned premiums are those proportions of premiums written in a year that relate to periods of risk after the reporting date. In respect of general insurance business, written premiums are recognised as earned over the period of the policy on a time apportionment basis having regard where appropriate, to the incidence of risk. The proportion attributable to subsequent periods is deferred as a provision for unearned premiums. Unearned reinsurance premiums are those proportions of premiums written in a year that relate to periods of risk after the reporting date. Unearned reinsurance premiums are deferred over the term of the underlying insurance policies for risks-attaching contracts and over the term of the reinsurance contract for losses-occurring contracts. Unexpired risks A provision for unexpired risks is made where claims and related expenses are likely to arise after the end of the financial period in respect of contracts concluded before that date, are expected to exceed the unearned premiums and premiums receivable under these contracts, after the deduction of any acquisition costs deferred. The provision for unexpired risks is calculated separately by reference to classes of business which are managed together, after taking into account relevant investment return. At the 31 December 2023 the Syndicate had a nil net unexpired risk provision (2022: nil.) Deferred acquisition costs Acquisition costs comprise costs arising from the conclusion of insurance contracts. They include both direct costs, such as intermediary commissions or the cost of drawing up the insurance document or including the insurance contract in the portfolio. It is not the Syndicate’s policy to reallocate a portion of indirect costs, such as the advertising costs or the",2022,2022;2023,gross; net companion table also reviewed where present,,not_applicable_no_mature_cohort,"no underwriting year u <= 2021; reviewed years are [2022, 2023]",,not numerically transcribed; does not alter the no-mature-cohort decision,ineligible,structural_ineligible_no_mature_cohort,pre_model_stub_confirmed_structural_by_source_page_audit,,
syndicate_4747_2021.json,4747,2021,syndicate_reports/pdfs/syndicate_4747_2021.pdf,e2656ba064e300f2d7f6f1c437f94fe9af3da00e38fbb6f2f78e5cf92d3c4863,5,"te and Aggregate Accounts) Regulations 2008 (""Lloyd's Regulations 2008""). The annual report has been prepared on a going concern basis. For further information, please see note 1 to the financial statements. Results The result for the calendar year 2021 is a loss of £4,570k (2020 was a loss of £1,661k). Profits and losses will be distributed and collected by reference to the results of individual underwriting years. This is the second year of the Syndicate’s operations. The Syndicate’s principal activity is the underwriting of Property and Liability insurance business in the Lloyd’s market. The Syndicate has presented its results under FRS102, the Financial Reporting Standard applicable in the UK and Republic of Ireland. In accordance with FRS102, the Syndicate has identified its insurance contracts and accounted for them in accordance with FRS103. Principal activity and review of the business The Syndicate’s principal activity is the underwriting of direct insurance and reinsurance business in the Lloyd’s market. Gross written premium income by class of business for the calendar year was as follows; 2021 £’000 2020 £’000 Fire and other damage to property 3,817 483 Third party liability 9,730 1,348 Reinsurance 7,242 - 20,789 1,831 The Syndicate's key financial performance indicators during the year was as follows; 2021 £’000 2020 £’000 Gross written premiums 20,789 1,831 Loss for the financial year (4,570) (1,661) Combined ratio (166.8%) (2,229.5%)",2020,2020;2021,gross; net companion table also reviewed where present,,not_applicable_no_mature_cohort,"no underwriting year u <= 2019; reviewed years are [2020, 2021]",,not numerically transcribed; does not alter the no-mature-cohort decision,ineligible,structural_ineligible_no_mature_cohort,pre_model_stub_confirmed_structural_by_source_page_audit,,
syndicate_5183_2023.json,5183,2023,syndicate_reports/pdfs/syndicate_5183_2023.pdf,8c228405dad8db09f682eeca51ebef73e78de62b44e9df83d55a11889208800c,5,"s, service providers and employees. We do this a using a multi-channel distribution model to offer embedded insurance solutions to our partners. 2022 year-of-account Due to the later start in underwriting than was anticipated, along with challenges of the growth of the business that was written, the Syndicate took the decision to cancel all policies in the YOA to free up capital to support future underwriting years. The GWP is negligible premium with nil risks attaching, therefore the ultimate loss ratio has been reduced to nil. 2023 year-of-account Due to the delayed start to several programmes and production issues with a number of key partners, 5183’s Gross Written Premium (GWP) was lower than planned. It is important to add that at this stage the Net Ultimate Loss Ratio (NULR) is being held at the planned 59.50%. Results for 2023 on an ultimate basis as at the end of the fourth quarter of 2023 are outlined below. Capacity m $34.9 GWP m $5.9 Net Combined Ratio 110.6% Return on Capacity -1.8% Note: Data presented on an ultimate forecast YOA basis The key drivers of these results were: • Premium – 5183’s premium is forecast to come in below plan. • Acquisition Costs – The business mix for risks bound in 2023 had almost 8% lower commissions than planned. • Administration Expenses – The administration expense ratio is forecast to be higher than plan. This is due to a reduction in premium where administration expenses do not scale down in the same proportion as premium as a number of costs are fixed and/or based on the YOA capacity. • NULR – Currently being held at plan.",2022,2022;2023,gross; net companion table also reviewed where present,,not_applicable_no_mature_cohort,"no underwriting year u <= 2021; reviewed years are [2022, 2023]",0.004,numeric deterministic reading recorded,ineligible,structural_ineligible_no_mature_cohort,pre_model_stub_confirmed_structural_by_source_page_audit,,
syndicate_5623_2019.json,5623,2019,syndicate_reports/pdfs/syndicate_5623_2019.pdf,7c639c6239e4c361d4ce8010ea877087135e5ee6197e0b3fa80b6f22fe074835,24,"ate reserves risk Reserving and ultimate reserves risk occurs within the syndicate where established insurance liabilities are insufficient through inaccurate forecasting, or where there is inadequate allowance for expenses and bad debt in provisions. To manage reserving and ultimate reserves risk, our actuarial team uses a range of recognised techniques to project gross premiums written, monitor claims development patterns and stress test ultimate insurance liability balances. An external independent actuary also performs an annual review to produce a statement of actuarial opinion for the syndicate. The objective of the syndicate’s reserving policy is to produce accurate and reliable estimates that are consistent over time and across classes of business, while also holding reserves with margin above best estimate claims to help mitigate future adverse claims experience. The estimates of gross premiums written and claims prepared by the actuarial department are used through a formal quarterly peer review process to independently test the integrity of the estimates produced by the underwriting teams for each class of business. These meetings are attended by senior management, senior underwriters, actuarial, claims, and finance representatives. A five percent increase or decrease in total claims liabilities would have the following effect on profit or loss and equity: Sensitivity to insurance risk (claims reserves) 5% increase in net claims reserves 5% decreases in net claims reserves 2019 $’000 2018 $’000 2019 $’000 2018 $’000 Impact on profit and equity (814.5) (87.9) 814.5 87.9 The syndicate also monitors its exposure to insurance risk by location. The below table provides an analysis of the geographical breakdown of its written premiums. 2019 % 2018 % US 10 – Europe 1 25 6 Other 65 94 100 100 1 Includes UK. 21 www.beazley.com Beazley Syndicate 5623 Annual report 2019",2018,2018;2019,gross; net companion table also reviewed where present,,not_applicable_no_mature_cohort,"no underwriting year u <= 2017; reviewed years are [2018, 2019]",,not numerically transcribed; does not alter the no-mature-cohort decision,ineligible,structural_ineligible_no_mature_cohort,pre_model_stub_confirmed_structural_by_source_page_audit,,
syndicate_5886_2017.json,5886,2017,syndicate_reports/pdfs/syndicate_5886_2017.pdf,9c21d577f0cf7fe27260b9a844d39a03acb25702aeb16f3e48a55af83d61f42f,38,"einsurance contracts. The Syndicate's placement of reinsurance is diversified such that it is neither dependent on a single reinsurer nor are the operations substantially dependent upon any single reinsurance contract. Sub committees of the Syndicate board oversee the management of reserving risk. The use of standardised and internal modelling techniques, as well as benchmarking and the review of claims development are key in mitigating reserving risk. The purpose of these underwriting, reinsurance and reserving strategies is to limit exposure to catastrophes or large losses based on the Syndicate's risk appetite as decided by the Syndicate board. The Syndicate uses both its own and commercially available risk management software to assess catastrophe exposure. However, there is always a risk that the assumptions and techniques used in these models are unreliable or that claims arising from an un-modelled event are greater than those arising from a modelled event. The Syndicate models various loss scenarios and runs specific realistic disaster scenarios (“RDS”) in accordance with Lloyd’s franchise guidelines to enable it to monitor its exposures. Given the nature of the risks underwritten, the loss estimates may be materially different from those that arise depending on the size and nature of the event. Based on the July 2017 Lloyd’s RDS submission, the largest RDS was a North-East USA windstorm event with an industry loss estimate of $81 billion. This equates to a loss to the Syndicate of $153.7 million gross and $57.0 million net of reinsurance recoveries and reinstatement costs. Key assumptions The principal assumption underlying the liability estimates is that the future claims development will follow a similar pattern to past claims development experience. This includes assumptions in respect of average claim costs, claim handling costs, claim inflation factors and claim numbers for each underwriting year. Additional qualitative judgements are used to assess the extent to which past trends may not apply in the future, for example: once-off occurrence; changes in market factors such as public attitude to claiming: economic conditions: as well as internal factors such as portfolio mix, policy conditions and claims",2017,2017,gross; net companion table also reviewed where present,,not_applicable_no_mature_cohort,no underwriting year u <= 2015; reviewed years are [2017],,not numerically transcribed; does not alter the no-mature-cohort decision,ineligible,structural_ineligible_no_mature_cohort,pre_model_stub_confirmed_structural_by_source_page_audit,,
syndicate_5886_2018.json,5886,2018,syndicate_reports/pdfs/syndicate_5886_2018.pdf,c3807a788936219f86cca1e4a16eb843c1ab92383eaf5fba2139a16295a97643,41,"USA windstorm event with an industry loss estimate of $81 billion. This equates to a loss to the Syndicate of $179.0 million gross and $25.3 million net of reinsurance recoveries and reinstatement costs (2017: $153.7 million gross and $57.0 million net of reinsurance recoveries and reinstatement costs). Key assumptions The principal assumption underlying the liability estimates is that the future claims development will follow a similar pattern to past claims development experience. This includes assumptions in respect of average claim costs, claim handling costs, claim inflation factors and claim numbers for each underwriting year. Additional qualitative judgements are used to assess the extent to which past trends may not apply in the future, for example: one-off occurrence; changes in market factors such as public attitude to claiming and economic conditions, as well as internal factors such as portfolio mix, policy conditions and claims handling procedures. Judgement is further used to assess the extent to which external factors such as judicial decisions and government legislation affect the estimates. Other key circumstances affecting the reliability of assumptions include variation in interest rates, delays in settlement and changes in foreign currency rates. Sensitivities The claim liabilities are sensitive to the key assumptions that follow. It has not been possible to quantify the sensitivity of certain assumptions such as legislative changes or uncertainty in the estimation process. The following analysis is performed for reasonably possible movements in key assumptions with all other assumptions held constant, showing the impact on net liabilities, profit and members' balances. The correlation of assumptions will have a significant effect in determining the ultimate claims liabilities, but to demonstrate the impact due to changes in assumptions, assumptions had to be changed on an individual basis. It should be noted that movements in these assumptions can be non-linear. Gross 2018 £’000 2017 £’000 Five percent increase in claim liabilities (6,306) (4,331) Five percent decrease in claim liabilities 6,306 4,331 Net Five percent increase in claim liabilities (3,586) (1,935) Five percent decrease in claim liabilities 3,586 1,935",2017,2017;2018,gross; net companion table also reviewed where present,,not_applicable_no_mature_cohort,"no underwriting year u <= 2016; reviewed years are [2017, 2018]",86.626,numeric deterministic reading recorded,ineligible,structural_ineligible_no_mature_cohort,pre_model_stub_confirmed_structural_by_source_page_audit,,
syndicate_6119_2015.json,6119,2015,syndicate_reports/pdfs/syndicate_6119_2015.pdf,41afe79231d77862472d2bca497932a6bf60c4aa5126035be61f08d6db5e32ac,31,"SYNDICATE 6119 NOTES TO THE FINANCIAL STATEMENTS FOR THE YEAR ENDED 31 DECEMBER 2015 6 RISK: CLAIMS DEVELOPMENT TRIANGLES To illustrate the robustness of our reserves, the loss development tables below provide information about historical claims development. Gross claims development as at 31 December 2015 Pure underwriting year 2014 2015 Total £000's £000's £000's Estimate of gross claims incurred: After 12 months 4,423 4,169 After 24 months 8,715 After 36 months After 48 months After 60 months As at 31 December 2015 8,715 _4.169 Less cumulative gross claims paid Gross reserves 8.715 4,169 12,884 Net claims development as at 31 December 2015 Pure underwriting year 2014 2015 Total £000's £000's £000's Estimate of net claims incurred: After 12 months 3,936 3,835 After 24 months 7,699 After 36 months After 48 months After 60 months As at 31 December 2015 ——___-7,699 —_ 3.835 Less cumulative net claims paid Net reserves 7,699 3,835 11,534 Total all underwriting years Net reserves recognised 11,534 Amounts recovered from reinsurers 1,350 Gross reserves included in the balance sheet 12,884 Page 27",2014,2014;2015,gross; net companion table also reviewed where present,,not_applicable_no_mature_cohort,"no underwriting year u <= 2013; reviewed years are [2014, 2015]",4.332,numeric deterministic reading recorded,ineligible,structural_ineligible_no_mature_cohort,pre_model_stub_confirmed_structural_by_source_page_audit,,
syndicate_6120_2015.json,6120,2015,syndicate_reports/pdfs/syndicate_6120_2015.pdf,b6b195b1256b9dc3b9d032e7a5351a2c558c89ca4dcc285b1742822933bd98a0,35,"Barbican Syndicate 6120 Notes to the Financial Statements 31 December 2015 33 13. Risk Management (continued) f. Insurance Risk (continued) Claims Open market claims are settled by the claims management team. The claims department has produced claims handling guidelines which incorporate Lloyd’s minimum standards. Claims development tables are shown below on an underwriting year basis, and the key assumptions underlying liability estimates are set out under Key Assumptions on page 37. Gross insurance contract outstanding claims provisions as at 31 December 2015: Underwriting Year 2015 Total Estimate of ultimate gross claims: £000 £000 At end of underwriting year 31,000 31,000 Current estimate of ultimate claims 31,000 31,000 Cumulative payments 992 992 Gross claims reserve 30,008 30,008 Net insurance contract outstanding claims provisions as at 31 December 2015: Underwriting Year 2015 Total Estimate of ultimate net claims: £000 £000 At end of underwriting year 22,346 22,346 Current estimate of ultimate claims 22,346 22,346 Cumulative payments 934 934 Net claims reserve 21,412 21,412",2015,2015,gross; net companion table also reviewed where present,,not_applicable_no_mature_cohort,no underwriting year u <= 2013; reviewed years are [2015],,not numerically transcribed; does not alter the no-mature-cohort decision,ineligible,structural_ineligible_no_mature_cohort,pre_model_stub_confirmed_structural_by_source_page_audit,,
syndicate_6121_2015.json,6121,2015,syndicate_reports/pdfs/syndicate_6121_2015.pdf,3e8bb8729bfa7e631d7265455dc85d7f683ec3f3b7151cde28a51dfc6d04db58,30,"SYNDICATE 6121 NOTES TO THE FINANCIAL STATEMENTS FOR THE YEAR ENDED 31 DECEMBER 2015 5 RISK: CLAIMS DEVELOPMENT TRIANGLES There is no loss historical loss development data available since this is the first year the syndicate has written business. The syndicate's gross and net incurred positions after 12 months are shown below. Gross claims development as at 31 December 2015 Pure underwriting year Estimate of gross claims incurred: After 12 months After 24 months After 36 months After 48 months After 60 months As at 31 December 2015 Less cumulative gross claims paid Gross reserves 2015 £000's 5,926 5,926 5,926 Net claims development as at 31 December 2015 Pure underwriting year Estimate of net claims incurred: After 12 months After 24 months After 36 months After 48 months After 60 months As at 31 December 2015 Less cumulative net claims paid Net reserves Total all underwriting years Net reserves recognised Amounts recovered from reinsurers Gross reserves included in the balance sheet 2015 £000's 5,452 5,452 5,452 5,452 474 5,926 Page 26",2015,2015,gross; net companion table also reviewed where present,,not_applicable_no_mature_cohort,no underwriting year u <= 2013; reviewed years are [2015],,not numerically transcribed; does not alter the no-mature-cohort decision,ineligible,structural_ineligible_no_mature_cohort,pre_model_stub_confirmed_structural_by_source_page_audit,,
syndicate_6121_2016.json,6121,2016,syndicate_reports/pdfs/syndicate_6121_2016.pdf,2b7bc34a521928be497a0e9682cc8d4ed7ba58249e721ea15127ee827033e963,6,"te 2003 gross premiums for the 2015 and 2016 year of account, in line with the Whole Account Quota Share agreement between the two syndicates. The Syndicate incurred a net loss ratio of 61.3% (2015: 57.8%). The net operating expense ratio of 39.4% (2015: 45.1%) includes commission and administration expenses which primarily comprise member's personal expenses. Strategy and future outlook For 2017 underwriting year, Syndicate 2003 will not continue its whole account quota share purchase with the SPA. Managed syndicates and underwriting arrangements CUAL, the managing agent of the Syndicate, is a company registered in England and Wales. CUAL is a wholly- owned subsidiary of its ultimate parent XL Catlin Group Ltd, a company registered in Bermuda. Copies of the financial statements of both CUAL and XL Catlin Group Ltd are available from 20 Gracechurch Street, London, EC3V OBG. The Syndicate is wholly aligned with capital provided by XL Catlin through a subsidiary. This report was approved by the Board and signed on its behalf by: P Bradbrook Director 21 March 2017 Page 3",2015,2015;2016,gross; net companion table also reviewed where present,,not_applicable_no_mature_cohort,"no underwriting year u <= 2014; reviewed years are [2015, 2016]",5.926,numeric deterministic reading recorded,ineligible,structural_ineligible_no_mature_cohort,pre_model_stub_confirmed_structural_by_source_page_audit,,
syndicate_6123_2015.json,6123,2015,syndicate_reports/pdfs/syndicate_6123_2015.pdf,6df91a3e8bbe6ae8954491c87381b5f3132e96a88a7bebe7fcf912c9af9b66f6,5,"dited financial statements for Special Purpose Syndicate 6123 (the SPS), for year ended 31 December 2015 on pages 18 to 39. The directors prepared this annual report using the annual basis of accounting required by Statutory Instruments No. 1950 of 2008, the Insurance Accounts Directive (Lloyd’s Syndicate and Aggregate Accounts) Regulations 2008. The directors provide separate accounts for closed underwriting years to the Syndicate’s members in accordance with Lloyd's Syndicate Byelaw No. 8 of 2005. Managing Agent The Managing Agent for the SPS is Asta Managing Agency Ltd (Asta). Asta also manages eight syndicates and two other special purpose syndicates on behalf of supporting third parties. The financial statements of the Managing Agent can be obtained by application to the Managing Agent's Registered Office listed on page 2. Results The SPS generated a loss of $1.8 million on gross written premiums of $6.6 million. This table details the directors' forecast for the 2015 open underwriting year. $000 Loss (612) Return on insurance capacity -4.9% Principal Activities The SPS transacts inwards proportional reinsurance business on a variable basis in the United Kingdom (U.K.) within the Lloyd’s market. The SPS commenced operations on 2015 May 1 and specialises in reinsuring the policies of Syndicate 4242 (the Host Syndicate) covering certain middle market businesses located in areas of the United States (U.S.) that are prone to hurricanes and earthquakes; the SPS accepts up to 80% of the related written premiums on these policies with total insured values with $10 million or more, subject to a limit of $5 million on each policy. Reinsured hurricane policies include coverage for tropical storms and also provide attritional protection against tornados, hail, and other windstorm risks. Reinsured policies also offer limited flood coverage when purchased alongside hurricane or earthquake coverage and All Other Peril (AOP) coverage. AOP coverage provides protection against fires, theft, vandalism, water damage, and other covered property perils. The Host Syndicate and SPS contract with certain wholly owned subsidiaries of Paraline Group, Ltd, a Bermuda based insurance organisation, for certain insurance services; these subsidiaries include International Catastrophe Insurance Managers, LLC (ICAT Managers), Boulder Claims, LLC (Boulder Claims), and Paraline International, Ltd (Paraline International). ICAT Managers and Boulder Claims are Delaware companies, while Paraline International is a Bermuda company.",2015,2015,gross; net companion table also reviewed where present,,not_applicable_no_mature_cohort,no underwriting year u <= 2013; reviewed years are [2015],,not numerically transcribed; does not alter the no-mature-cohort decision,ineligible,structural_ineligible_no_mature_cohort,pre_model_stub_confirmed_structural_by_source_page_audit,,
syndicate_6123_2016.json,6123,2016,syndicate_reports/pdfs/syndicate_6123_2016.pdf,17cb988726accac171260355bda9ecc6911a75a9e4e6d2f4a5127c6321c13de9,5,"annual report using the annual basis of accounting required by Statutory Instruments No. 1950 of 2008, the Insurance Accounts Directive (Lloyd’s Syndicate and Aggregate Accounts) Regulations 2008. Results The SPA generated a loss of $1.9 million (2015: loss of $1.8 million) on gross written premiums of $18.8 million (2015: $6.6 million). This table details the forecast for the 2015 and 2016 open underwriting year. 2016 2015 Open Open $000 $'000 Loss (1,325) (731) Return on insurance capacity (7.1%) (7.4%) Principal activities The SPA Lloyd's vehicle was established in May 2015 to offer additional capacity to ICAT’s Middle Market Business Unit (MMBU). The SPA reinsures up to $5 million of per risk limit on smaller commercial properties, typically habitational, located in areas of the United States (U.S.) that are prone to hurricanes and earthquakes. Limit is offered as a variable quota share to ICAT Syndicate 4242 (the Host Syndicate) where up to 80% of the per risk limit assumed by Syndicate 4242 can be reinsured to the SPA. Syndicate 4242 and the SPA offer capacity to ICAT, alongside other insurance companies and Lloyd’s syndicates, to underwrite smaller commercial risks that are generally $10 million to $100 million in total insured value. Total authorised insurance capacity for the SPA is £15.0 million ($18.6 million), measured as gross written premium net of acquisition costs. Reinsured hurricane policies include coverage for tropical storms and also provide attritional protection against tornados, hail, and other windstorm risks. Reinsured policies also offer limited flood coverage when purchased alongside hurricane or earthquake coverage and All Other Peril (AOP) coverage. AOP coverage provides protection against fires, theft, vandalism, water damage, and other covered property perils. The Host Syndicate and SPA contract with certain wholly owned subsidiaries of Paraline Group, Ltd, a Bermuda based insurance organisation, for certain insurance services; these subsidiaries include International Catastrophe Insurance Managers, LLC (ICAT Managers), Boulder Claims, LLC (Boulder Claims), and Paraline International, Ltd (Paraline International). ICAT Managers and Boulder Claims are Delaware companies, while Paraline International is a Bermuda company. Asta Report — SPA 6123 2",2015,2015;2016,gross; net companion table also reviewed where present,,not_applicable_no_mature_cohort,"no underwriting year u <= 2014; reviewed years are [2015, 2016]",0.098,numeric deterministic reading recorded,ineligible,structural_ineligible_no_mature_cohort,pre_model_stub_confirmed_structural_by_source_page_audit,,
syndicate_6124_2015.json,6124,2015,syndicate_reports/pdfs/syndicate_6124_2015.pdf,76bffb881e47401001fa0193c8dc8fcbd70e2ea8dbb1f517a10c416013b1c9ee,23,"Syndicate 6124 Notes to the Accounts for the 6 Months ended 31 December 2015 15. Claims Development Triangles The development of insurance liabilities provides a measure of the Syndicate's ability to estimate the ultimate value of claims. Pure underwriting year 2015 Total £m £m Estimate of gross claims incurred At end of underwriting year and as at 31 December 2015 253.6 253.6 Less gross claims paid 58.1 58.1 Gross reserves 195.5 195.5 Estimate of net claims incurred: At end of underwriting year and as at 31 December 2015 248.9 248.9 Less net claims paid 58.1 58.1 Net reserves 190.8 190.8 16. Other Creditors 2015 £m Amounts due to outsource service provider (1.2) Other creditors (1.0) (2.2) 17. Related parties Chaucer Syndicates Limited, a wholly owned subsidiary of Chaucer Holdings Limited, is the Managing Agent of the Syndicate. The following table shows the expenses that Chaucer Syndicates Limited has charged the Syndicate during the period and the outstanding balances due from the Syndicate at the year end: 2015 £m Managing agency fees 0.3 Expenses recharged ae Balance due to Chaucer Syndicates Limited at 31 December - Syndicates 1084 and 6124, both managed by Chaucer Syndicates Limited, have entered into a reinsurance contract with one another. These transactions are subject to Chaucer's internal controls which ensure that all are compliant with Lloyd’s Related Party Bylaw provisions. 20",2015,2015,gross; net companion table also reviewed where present,,not_applicable_no_mature_cohort,no underwriting year u <= 2013; reviewed years are [2015],,not numerically transcribed; does not alter the no-mature-cohort decision,ineligible,structural_ineligible_no_mature_cohort,pre_model_stub_confirmed_structural_by_source_page_audit,,
syndicate_6126_2016.json,6126,2016,syndicate_reports/pdfs/syndicate_6126_2016.pdf,1da611f4a7230757334eb721d02bbbef2da4785da8de897907e12cad36bb8172,30,"ricane landing in (24,580) (7,222) Galveston, Texas Florida Windstorm — Pinellas (19,065) (3,800) Two Events — North East Windstorm (10,606) (2,336) Florida Windstorm — Miami Dade (17,659) (3,635) California Earthquake — Los Angeles (20,881) (4,290) California Earthquake — San Francisco (19,802) (4,230) Key assumptions The principal assumption underlying the liability estimates is that the future claims development will follow a similar pattern to past claims development experience. This includes assumptions in respect of average claim costs, claim handling costs, claim inflation factors and claim numbers for each underwriting year. Additional qualitative judgements are used to assess the extent to which past trends may not apply in the future, for example: once-off occurrence; changes in market factors such as public attitude to claiming: economic conditions: as well as internal factors such as portfolio mix, policy conditions and claims handling procedures. Judgement is further used to assess the extent to which external factors such as judicial decisions and government legislation affect the estimates. Other key circumstances affecting the reliability of assumptions include variation in interest rates, delays in settlement and changes in foreign currency rates. Sensitivities The claim liabilities are sensitive to the key assumptions that follow. It has not been possible to quantify the sensitivity of certain assumptions such as legislative changes or uncertainty in the estimation process. The following analysis is performed for reasonably possible movements in loss ratios with all other assumptions held constant, showing the impact on gross and net liabilities, profit and members' balances. Gross 2016 Gross £000 Five percent Increase (claims liabilities) 432 Five percent decrease (claims liabilities) (432) Net Five percent Increase (claims liabilities) 376 Five percent decrease (claims liabilities) (376) The method used for deriving sensitivity information and significant assumptions did not change from the previous period. Asta Report — SPA 6126 27",2016,2016,gross; net companion table also reviewed where present,,not_applicable_no_mature_cohort,no underwriting year u <= 2014; reviewed years are [2016],,not numerically transcribed; does not alter the no-mature-cohort decision,ineligible,structural_ineligible_no_mature_cohort,pre_model_stub_confirmed_structural_by_source_page_audit,,
syndicate_6126_2017.json,6126,2017,syndicate_reports/pdfs/syndicate_6126_2017.pdf,9a00249589207e89592beaac9d5a0940f2573263fb4570316afca90d8e4430e5,22,"ount relevant investment return. At 31 December 2017 the Syndicate had £38k of unexpired risk provision (31 December 2016 nil). Deferred acquisition costs Premium is assumed net of the SPA’s share of the host’s acquisition costs and therefore there are no acquisition costs or deferred acquisition costs separately recognised within the financial statements. Reinsurance assets The SPA share of 2017 underwriting year reinsurance premium is 85.5% (2016 underwriting year: 90%) of the total reinsurance protection bought “in-common” with the host in respect of the property classes written through the host. Amounts recoverable from reinsurers are estimated in a manner consistent with the outstanding claims provision or settled claims associated with the reinsurers policies and are in accordance with the related reinsurance contract. All reinsurance premium and paid recoveries are managed on the funds withheld basis. Reinsurance assets are reviewed for impairment at each reporting date, or more frequently, when an indication of impairment arises during the reporting year. Impairment occurs when there is objective evidence as a result of an event that occurred after initial recognition of the reinsurance asset that the SPA may not receive all outstanding amounts due under the terms of the contract and the event has a reliably measurable impact on the amounts that the SPA will receive from the reinsurer. The impairment loss is recorded in the income statement. Gains or losses on buying reinsurance are recognised in the income statement immediately at the date of purchase and are not amortised. There were no such gains recognised in 2017 or 2016. Ceded reinsurance arrangements do not relieve the SPA from its obligations to the host or the hosts obligation to the policyholders. Insurance receivables All Insurance receivables are due from the host Syndicate 1897 at the end of 36 months of trading on the funds withheld basis. Insurance receivables are recognised when due and measured on initial recognition at the fair value of the consideration received or receivable. Subsequent to initial recognition, insurance receivables are measured at amortised cost, using the effective interest rate method. The carrying value of insurance receivables is reviewed for impairment whenever events or circumstances indicate that the carrying amount may not be recoverable, with the impairment loss recorded in the income statement. Insurance receivables are not recognised when the derecognition criteria for financial assets have been met. Insurance receivables from the host, are disclosed gross of Claims outstanding.",2016,2016;2017,gross; net companion table also reviewed where present,,not_applicable_no_mature_cohort,"no underwriting year u <= 2015; reviewed years are [2016, 2017]",,not numerically transcribed; does not alter the no-mature-cohort decision,ineligible,structural_ineligible_no_mature_cohort,pre_model_stub_confirmed_structural_by_source_page_audit,,
syndicate_6129_2016.json,6129,2016,syndicate_reports/pdfs/syndicate_6129_2016.pdf,1825235531d00a47ca741e5ca652b909ce68d57421ebb7ddd8b89ddbc158ddd6,23,"Syndicate 6129 | Report and Accounts 2016 22 NOTES TO THE FINANCIAL STATEMENTS 3 Risk management (continued) Claims development tables, setting out the development of claims over time on a gross and net of reinsurance basis are provided below: Claims development table gross of reinsurance Underwriting year 2016 Total £m £m Estimate of cumulative claims At end of underwriting year 19.7 19.7 Less: cumulative payments 5.0 5.0 Estimated balance to pay 14.7 14.7 Claims development table net of reinsurance Underwriting year 2016 Total £m £m Estimate of cumulative claims At end of underwriting year 17.7 17.7 Less: cumulative payments 5.0 5.0 Estimated balance to pay 12.7 12.7 3.2 Investment risk Investment risk is the risk of an adverse change in earnings and/or solvency resulting from fluctuations and volatilities in the value of our assets, liabilities and financial Instruments caused by changes in market variables. The Syndicate does not hold any investments but is indirectly exposed to interest rate risk, currency risk, credit spread risk, equity risk and counterparty. This indirect exposure arises as a result of the investment return remitted to the Syndicate in lieu of the investment return on the funds withheld by Syndicate 2007. 3.3 Foreign exchange risk This risk arises from changes in the level of currency exchange rates. The Syndicate is exposed to currency risk arising from non-US dollar assets and liabilities. The core currencies that the Syndicate receives and reports in are: Sterling, US dollars, Euros, Canadian dollars and Australian dollars. Other currencies are translated into US dollars either at the time of receipt or at the balance sheet date.",2016,2016,gross; net companion table also reviewed where present,,not_applicable_no_mature_cohort,no underwriting year u <= 2014; reviewed years are [2016],,not numerically transcribed; does not alter the no-mature-cohort decision,ineligible,structural_ineligible_no_mature_cohort,pre_model_stub_confirmed_structural_by_source_page_audit,,
syndicate_6129_2017.json,6129,2017,syndicate_reports/pdfs/syndicate_6129_2017.pdf,e34b3eb50541e0086e2542b2075b56a03c8e60f8fbdea9112f63a8de6be72012,26,"that reserves are set prudently, with an explicit margin in excess of the actuarial best estimate. The Managing Agency Risk Committee has delegated the management of reserving risk to the Reserving Committee (“RC”). Key to the mitigation of reserving risk is the use of proprietary and standardised modelling techniques, with assurance provided by internal and external benchmarking and appropriate claims development review. The Managing Agency Board seeks to establish realistic and accurate reserves for each category of business underwritten. However, it is inherent in the nature of a reserving exercise that instances may arise where subsequent developments, including new information, result in changes to the assessment of reserves required for particular business segments, either upwards or downwards. The risk of adverse movements in reserves is mitigated through the following key processes and controls: > The actuarial team performs a reserving analysis liaising closely with underwriters, claims and reinsurance staff. It is charged with reporting its conclusions on the basis of an actuarial best estimate. In a statistical context, a best estimate should be interpreted as the mean of all possible outcomes. This means that the downside risk (reserves deteriorating) will be balanced by the upside potential (reserves improving) > The RC performs a review of the projections produced by the actuarial team, both gross and net of reinsurance, on a quarterly basis. Following this review the RC makes recommendations to the NSL Board as to the quantum of reserves to be established > The Chief Actuary produces a quarterly reserving analysis for management, which sets out a review of developments in the quarter compared to the best estimate expectation. This enables management to identify emerging issues for action at the earliest stage possible > On an annual basis, an external actuarial consultant is commissioned to produce an independent reserve estimate. This is presented to the RC and Audit and Risk Committee, along with a detailed comparison between internal and external views of the best estimate reserves Given the elements of uncertainty relating to the data and assumptions, a margin is applied over and above the actuarial best estimate. This increases the reserves reflected in the Syndicate accounts above the mean expectation. To indicate the potential impact of reserving risk on the Syndicate, were there to be a 1% variation in the Syndicate’s total net claims reserve, there would be an effect on net assets of £0.5 million (2016: £0.1 million). Syndicate 6129 | Report and Accounts 2017 23",2016,2016;2017,gross; net companion table also reviewed where present,,not_applicable_no_mature_cohort,"no underwriting year u <= 2015; reviewed years are [2016, 2017]",14.7,numeric deterministic reading recorded,ineligible,structural_ineligible_no_mature_cohort,pre_model_stub_confirmed_structural_by_source_page_audit,,
syndicate_6130_2016.json,6130,2016,syndicate_reports/pdfs/syndicate_6130_2016.pdf,b7c6282fd9acd5e795ff17838c2b6253969fdca748f26b61ac4e50e8cabc9131,22,"Syndicate 6130 Notes to the Accounts for the period from 1 May 2016 to 31 December 2016 14. Claims Development Triangles The development of insurance liabilities provides a measure of the Syndicate's ability to estimate the ultimate value of claims. Pure underwriting year 2016 Total $7000 $'000 Estimate of gross claims incurred At end of underwriting year 1,144 1,144 As at 31 December 2016 1,144 1,144 Gross reserves 1,144 1,144 Estimate of Net claims incurred At end of underwriting year 642 642 As at 31 December 2016 642 642 Gross reserves 642 642 15. Related parties Chaucer Syndicates Limited, a wholly owned subsidiary of Chaucer Holdings Limited, is the Managing Agent of the Syndicate. The following table shows the expenses that Chaucer Syndicates Limited has charged the Syndicate during the period and the outstanding balances due from the Syndicate at the year end: 2016 $000 Managing agency fees 250 Balance due to Chaucer Syndicates Limited at 31 December (90) AXA Global P&C is a member of the AXA Group. The Syndicate has purchased reinsurance from this company, which in turn has purchased back to back cover from an unrelated third-party reinsurer. The following table shows the costs and the outstanding balances due from the Syndicate at the year-end: 2016 $000 Reinsurance 3,690 Balance due to AXA Global P&C at 31 December (2,110) 16. Funds at Lloyd’s Every member is required to hold capital at Lloyd’s, which is held in trust and known as Funds at Lloyd's (FAL). These funds are intended primarily to cover circumstances where syndicate assets prove insufficient to meet participating members’ underwriting liabilities. The level of FAL that Lloyd’s requires a member to maintain is determined by Lloyd’s, based on Prudential Regulatory Authority requirements and resource criteria. FAL has regard to a number of factors, including the nature and amount of risk to be underwritten by the member and an assessment of the reserving risk in respect of business that has been underwritten. Since FAL is not under the management of the Managing Agent, no amount has been shown in these accounts by way of such capital resources. However, the Managing Agent is able to make a call on the members’ FAL to meet liquidity requirements or to settle losses.",2016,2016,gross; net companion table also reviewed where present,,not_applicable_no_mature_cohort,no underwriting year u <= 2014; reviewed years are [2016],,not numerically transcribed; does not alter the no-mature-cohort decision,ineligible,structural_ineligible_no_mature_cohort,pre_model_stub_confirmed_structural_by_source_page_audit,,
syndicate_6131_2018.json,6131,2018,syndicate_reports/pdfs/syndicate_6131_2018.pdf,b4b1cd0c85b8a85dc14eddee760208734d79d9c2717c45e20dd06d565bee5161,20,"mated irrecoverable amounts, having regard to the reinsurance programme in place for the class of business and the claims experience for the year. The host, and therefore the SPA, uses a number of statistical techniques to assist in making these estimates. Accordingly, the two most critical assumptions as regards claims provisions are that the past is a reasonable predictor of the likely level of claims development and that the rating and other models used for current business are fair reflections of the likely level of ultimate claims to be incurred. The directors consider that the provisions for gross claims and related reinsurance recoveries within the SPA are fairly stated on the basis of the information currently available to them. However, ultimate liability will vary as a result of subsequent information and events and this may result in significant adjustments to the amounts provided. Provisions for unearned premiums Unearned premiums are those proportions of premiums written in a year that relate to periods of risk after the reporting date. In respect of general insurance business, written premiums are recognised as earned over the period of the policy on a time apportionment basis having regard where appropriate, to the incidence of risk. The proportion attributable to subsequent periods is deferred as a provision for unearned premiums. Unearned reinsurance premiums are those proportions of premiums written in a year that relate to periods of risk after the reporting date. Unearned reinsurance premiums are deferred over the term of the underlying direct insurance policies for risks-attaching contracts and over the term of the reinsurance contract for losses-occurring contracts. Unexpired risks A provision for unexpired risks is made where claims and related expenses likely to arise after the end of the financial period in respect of contracts concluded before that date, are expected to exceed the unearned premiums and premiums receivable under these contracts, after the deduction of any acquisition costs deferred. The provision for unexpired risks is calculated separately by reference to classes of business which are managed together, after taking into account relevant investment return. At 31 December 2018 the SPA did not have an unexpired risk provision. Deferred acquisition costs Acquisition costs comprise costs arising from the conclusion of insurance contracts. They include both direct costs, such as intermediary commissions or the cost of drawing up the insurance document or including the insurance contract in the portfolio, and indirect costs, such as the advertising costs or the administrative expenses connected with the processing of proposals and the issuing of policies. Deferred acquisition costs are costs arising from conclusion of insurance contracts that are incurred during the reporting period but which relate to a subsequent reporting period and which are carried forward to subsequent reporting periods. Deferred acquisition costs are amortised over the period in which the related premiums are earned.",2018,2018,gross; net companion table also reviewed where present,,not_applicable_no_mature_cohort,no underwriting year u <= 2016; reviewed years are [2018],,not numerically transcribed; does not alter the no-mature-cohort decision,ineligible,structural_ineligible_no_mature_cohort,pre_model_stub_confirmed_structural_by_source_page_audit,,
syndicate_6131_2019.json,6131,2019,syndicate_reports/pdfs/syndicate_6131_2019.pdf,a4ee6ecd94417be2d996eafa6cb6f8c5e6a429c4881a301ead7b66a1b5cb91e7,30,"e with the reinsurance contracts. The SPA's placement of reinsurance is diversified such that it is neither dependent on a single reinsurer nor are the operations substantially dependent upon any single reinsurance contract. Sub committees of the SPA board oversee the management of reserving risk. The use of standardised and internal modelling techniques, as well as benchmarking and the review of claims development are key in mitigating reserving risk. The purpose of these underwriting, reinsurance and reserving strategies is to limit exposure to catastrophes or large losses based on the SPA's risk appetite as decided by the Board. The SPA uses both its own and commercially available risk management software to assess catastrophe exposure. However, there is always a risk that the assumptions and techniques used in these models are unreliable or that claims arising from an unmodelled event are greater than those arising from a modelled event. Key assumptions The principal assumption underlying the liability estimates is that the future claims development will follow a similar pattern to past claims development experience. This includes assumptions in respect of average claim costs, claim handling costs, claim inflation factors and claim numbers for each underwriting year. Additional qualitative judgements are used to assess the extent to which past trends may not apply in the future, for example: once-off occurrence; changes in market factors such as public attitude to claiming, economic conditions, as well as, internal factors such as portfolio mix, policy conditions and claims handling procedures. Judgement is further used to assess the extent to which external factors such as judicial decisions and government legislation affect the estimates. Other key circumstances affecting the reliability of assumptions include variation in interest rates, delays in settlement and changes in foreign currency rates. Sensitivities The claim liabilities are sensitive to the key assumptions that follow. It has not been possible to quantify the sensitivity of certain assumptions such as legislative changes or uncertainty in the estimation process. The following analysis is performed for reasonably possible movements in key assumptions with all other assumptions held constant, showing the impact on gross and net liabilities. The correlation of assumptions will have a significant effect in determining the ultimate claims liabilities, but to demonstrate the impact due to changes in assumptions, assumptions had to be changed on an individual basis. 2019 £’000 2018 £’000 Gross Five percent increase 82 47 Five percent decrease (82) (47) Net Five percent increase 51 43 Five percent decrease (51) (43) The method used for deriving sensitivity information and significant assumptions did not change from the previous period.",2018,2018;2019,gross; net companion table also reviewed where present,,not_applicable_no_mature_cohort,"no underwriting year u <= 2017; reviewed years are [2018, 2019]",0.934,numeric deterministic reading recorded,ineligible,structural_ineligible_no_mature_cohort,pre_model_stub_confirmed_structural_by_source_page_audit,,
syndicate_6132_2018.json,6132,2018,syndicate_reports/pdfs/syndicate_6132_2018.pdf,f82d956825e515f47d455af5536c0a676a7a97636c0b450db2ad1651dde6f70f,24,"Barbican Syndicate 6132 31 December 2018 NOTES TO THE FINANCIAL STATEMENTS (CONTINUED) 1 Significant Accounting Policies (continued) f. Insurance Contracts (continued) Claims Technical Provisions Claims Outstanding These methods generally involve projecting from past claims development experience over time to form a view of the likely ultimate claims to be experienced for more recent underwriting, having regard to variations in the business accepted and the underlying terms and conditions. The reinsurers’ share of provisions for claims is based on the amounts of outstanding claims and projections for IBNR, net of estimated irrecoverable amounts, having regard to the reinsurance programme in place for the class of business, the claims experience for the year and the current security rating of the reinsurers involved. A number of statistical methods are used to assist in making these estimates. The two most critical assumptions as regards claims provisions are that the past is a reasonable predictor of the likely level of claims development and that the rating and other models used for current business are fair reflections of the likely level of ultimate claims to be incurred. The outstanding claims provision is based on the estimated ultimate cost of all claims incurred but not settled at the reporting date, whether reported or not, together with related claims handling costs and reduction for the expected value of salvage and other recoveries. Delays can be experienced in the notification and settlement of certain types of claims and therefore, the ultimate cost of these claims cannot be known with certainty at the reporting date. The liability is calculated at the reporting date using a range of standard actuarial claim projection techniques, based on empirical data and current assumptions that may include a margin for adverse deviation. The liability is not discounted for the time value of money. Technical provisions comprise claims outstanding, provisions for unearned premiums, provisions for unexpired risks and deferred acquisition costs. Reinsurance claims are recognised when the related gross insurance claim is recognised according to the terms of the relevant contract. Claims include all claims occurring during the year, whether reported or not, related internal and external claims handling costs that are directly related to the processing and settlement of claims, a reduction for the value of salvage and other recoveries, and any adjustments to claims outstanding from previous years. Page 22 of 44",2018,2018,gross; net companion table also reviewed where present,,not_applicable_no_mature_cohort,no underwriting year u <= 2016; reviewed years are [2018],,not numerically transcribed; does not alter the no-mature-cohort decision,ineligible,structural_ineligible_no_mature_cohort,pre_model_stub_confirmed_structural_by_source_page_audit,,
syndicate_6132_2019.json,6132,2019,syndicate_reports/pdfs/syndicate_6132_2019.pdf,46dbac16c4c5274aebcce3cadfd468519db388dea659812d197720fe64feda01,37,"Barbican Syndicate 6132 31 December 2019 NOTES TO THE FINANCIAL STATEMENTS (CONTINUED) 11 Risk Management (continued) f. Insurance Risk (continued) Claims development tables are shown on an underwriting year basis below. Gross insurance ultimate contract outstanding claims provisions as at 31 December 2019: £000 £000 £000 29,554 32,732 32,732 34,810 - 34,810 67,542 (13,501) (14,220) Gross claims reserve 39,821 Net insurance ultimate contract outstanding claims provisions as at 31 December 2019: £000 £000 £000 18,430 18,636 18,636 20,590 - 20,590 39,226 (9,534) (8,665) Net claims reserve 21,027 Estimate of ultimate gross claims: Estimate of ultimate net claims: At end of underwriting year Current estimate of ultimate claims Cumulative payments 2019 Total One year later Underwriting Year Net unearned claims reserve 2018 2018 2019 Total At end of underwriting year One year later Current estimate of ultimate claims Cumulative payments Underwriting Year Gross unearned claims reserve Page 35 of 46",2018,2018;2019,gross; net companion table also reviewed where present,,not_applicable_no_mature_cohort,"no underwriting year u <= 2017; reviewed years are [2018, 2019]",,not numerically transcribed; does not alter the no-mature-cohort decision,ineligible,structural_ineligible_no_mature_cohort,pre_model_stub_confirmed_structural_by_source_page_audit,,
syndicate_6133_2018.json,6133,2018,syndicate_reports/pdfs/syndicate_6133_2018.pdf,50ec89ab6477e5ff214649cf160727a3fd8c79ceba94c0b6ba3a2075eaf90aab,8,"tors of the managing agent present their report, which incorporates the strategic review, for Syndicate 6133 for the year ended 31 December 2018. This Annual Report is prepared using the annual basis of accounting as required by Statutory Instrument No. 1950 of 2008, The Insurance Accounts Directive (Lloyd’s Syndicate and Aggregate Accounts) Regulations 2008 (“Lloyd’s Regulations 2008”). Separate underwriting year accounts for Syndicate 6133 will be produced from the 2020 year end when the first year of account closes. Principal activity This report covers the business of Syndicate 6133, which was established for the 2018 year of account as a Special Purpose Arrangement. Trading as Apollo Re the principal activity of the syndicate is to underwrite a quota share reinsurance of Syndicate 1969 in respect of its Property Treaty class of business. A single inwards policy is written for each year of account. The quota share contract with Syndicate 1969 operates on a fund withheld basis. Under this arrangement all transactions are undertaken by Syndicate 1969 on behalf of the syndicate. Investment income arising on the business is allocated to the funds withheld balance. Syndicate 6133 trades through Lloyd’s worldwide licenses and rating and has the benefit of the Lloyd’s brand. Lloyd’s has an A (Excellent) rating from A.M. Best, A+ (Strong) from Standard & Poor’s and AA- (Very Strong) from Fitch. The syndicate’s capacity for the 2018 year of account was £35m ($45.5m at the Lloyd’s planning rate of $1.34). Stamp capacity for the 2019 year of account has increased to £50.0m ($66.0m at $1.32). Apollo Syndicate Management Limited (“ASML”) is approved as a managing agency at Lloyd’s and is authorised by the Prudential Regulation Authority. ASML is regulated by the Financial Conduct Authority and Prudential Regulation Authority. Results 2018 $’m Gross premium written 58.9 Net premium written 42.7 Net premium earned 30.6 Loss for the financial year (27.3) Claims ratio 151% Expense ratio 40% Combined ratio 191% Notes: The claims ratio is the ratio of net claims incurred to net premiums earned. The expense ratio is the ratio of net operating expenses to net premiums earned. The combined ratio is the sum of the claims and expense ratios. The expense and combined ratios exclude investment return and foreign exchanges gains and losses.",2018,2018,gross; net companion table also reviewed where present,,not_applicable_no_mature_cohort,no underwriting year u <= 2016; reviewed years are [2018],,not numerically transcribed; does not alter the no-mature-cohort decision,ineligible,structural_ineligible_no_mature_cohort,pre_model_stub_confirmed_structural_by_source_page_audit,,
syndicate_6136_2023.json,6136,2023,syndicate_reports/pdfs/syndicate_6136_2023.pdf,25701a1f69bf7bad160c4aa2252f15a99c1f149824f667beddd2e32fd76b612e,10,"counts are prepared using the annual basis of accounting, as required by Statutory Instrument No 1950 of 2008, The Insurance Accounts Directive (Lloyd's Syndicate and Aggregate Accounts) Regulations 2008 (“Lloyd's Regulations 2008"") RESULTS The total recognised comprehensive income for calendar year 2023 is a profit of £25.2m. Profits will be collected by reference to the result of the individual underwriting year. PRINCIPAL ACTIVITIES AND REVIEW OF THE BUSINESS The Syndicate was established in 2023 as a ‘sidecar’ Special Purpose Agreement, writing a 13.1% quota share of Syndicate 1910 Property portfolio, for business incepting between 1* April 2023 and 31° December 2023. SPA 6136 will receive a 7% share of investment income from Syndicate 1910 2023 YoA. The Syndicate is charged a share of expenses incurred by Syndicate 1910 as well as its share of all Lloyd's levies, subscriptions and costs. SPA 6136 will not partake on the 2024 YoA. Both Syndicates are managed by Ariel Re Managing Agency Limited. CALENDAR YEAR RESULTS The Syndicate's key financial performance indicators during the year were as follows: 2023 £m Gross written premium 55.0 Profit for the financial year 25.8 Total comprehensive income 25.2 Combined ratio % 34.3% The combined ratio is made up of the claims and expense ratio. UNDERWRITING YEARS OF ACCOUNT SUMMARY The forecast return on capacity for the 2023 year of account at 31 December 2023 is shown below 2023 F* Year of account summary £m Stamp capacity 67.6 Stamp premium income 48.6 Stamp utilisation 72.0% Gross written premium 53.9 Profit . Profit on stamp * * A formal forecast range for the 2023 year of account will be released at the time of publishing results for the 15 months to 31 March 2024.",2023,2023,gross; net companion table also reviewed where present,,not_applicable_no_mature_cohort,no underwriting year u <= 2021; reviewed years are [2023],,not numerically transcribed; does not alter the no-mature-cohort decision,ineligible,structural_ineligible_no_mature_cohort,pre_model_stub_confirmed_structural_by_source_page_audit,,
